1,aaa
2,aab
3,aac
4,aad
5,aae
6,aaf
7,aag
8,aah
9,aai
10,aaj
11,aak
12,aal
13,aam
14,aan
15,aao
16,aap
17,aaq
18,aar
19,aas
20,aat
21,aau
22,aav
23,aaw
24,aax
25,aay
26,aaz
27,aba
28,abb
29,abc
30,abd
31,abe
32,abf
33,abg
34,abh
35,abi
36,abj
37,abk
38,abl
39,abm
40,abn
41,abo
42,abp
43,abq
44,abr
45,abs
46,abt
47,abu
48,abv
49,abw
50,abx
51,aby
52,abz
53,aca
54,acb
55,acc
56,acd
57,ace
58,acf
59,acg
60,ach
61,aci
62,acj
63,ack
64,acl
65,acm
66,acn
67,aco
68,acp
69,acq
70,acr
71,acs
72,act
73,acu
74,acv
75,acw
76,acx
77,acy
78,acz
79,ada
80,adb
81,adc
82,add
83,ade
84,adf
85,adg
86,adh
87,adi
88,adj
89,adk
90,adl
91,adm
92,adn
93,ado
94,adp
95,adq
96,adr
97,ads
98,adt
99,adu
100,adv
101,adw
102,adx
103,ady
104,adz
105,aea
106,aeb
107,aec
108,aed
109,aee
110,aef
111,aeg
112,aeh
113,aei
114,aej
115,aek
116,ael
117,aem
118,aen
119,aeo
120,aep
121,aeq
122,aer
123,aes
124,aet
125,aeu
126,aev
127,aew
128,aex
129,aey
130,aez
131,afa
132,afb
133,afc
134,afd
135,afe
136,aff
137,afg
138,afh
139,afi
140,afj
141,afk
142,afl
143,afm
144,afn
145,afo
146,afp
147,afq
148,afr
149,afs
150,aft
151,afu
152,afv
153,afw
154,afx
155,afy
156,afz
157,aga
158,agb
159,agc
160,agd
161,age
162,agf
163,agg
164,agh
165,agi
166,agj
167,agk
168,agl
169,agm
170,agn
171,ago
172,agp
173,agq
174,agr
175,ags
176,agt
177,agu
178,agv
179,agw
180,agx
181,agy
182,agz
183,aha
184,ahb
185,ahc
186,ahd
187,ahe
188,ahf
189,ahg
190,ahh
191,ahi
192,ahj
193,ahk
194,ahl
195,ahm
196,ahn
197,aho
198,ahp
199,ahq
200,ahr
201,ahs
202,aht
203,ahu
204,ahv
205,ahw
206,ahx
207,ahy
208,ahz
209,aia
210,aib
211,aic
212,aid
213,aie
214,aif
215,aig
216,aih
217,aii
218,aij
219,aik
220,ail
221,aim
222,ain
223,aio
224,aip
225,aiq
226,air
227,ais
228,ait
229,aiu
230,aiv
231,aiw
232,aix
233,aiy
234,aiz
235,aja
236,ajb
237,ajc
238,ajd
239,aje
240,ajf
241,ajg
242,ajh
243,aji
244,ajj
245,ajk
246,ajl
247,ajm
248,ajn
249,ajo
250,ajp
251,ajq
252,ajr
253,ajs
254,ajt
255,aju
256,ajv
257,ajw
258,ajx
259,ajy
260,ajz
261,aka
262,akb
263,akc
264,akd
265,ake
266,akf
267,akg
268,akh
269,aki
270,akj
271,akk
272,akl
273,akm
274,akn
275,ako
276,akp
277,akq
278,akr
279,aks
280,akt
281,aku
282,akv
283,akw
284,akx
285,aky
286,akz
287,ala
288,alb
289,alc
290,ald
291,ale
292,alf
293,alg
294,alh
295,ali
296,alj
297,alk
298,all
299,alm
300,aln
301,alo
302,alp
303,alq
304,alr
305,als
306,alt
307,alu
308,alv
309,alw
310,alx
311,aly
312,alz
313,ama
314,amb
315,amc
316,amd
317,ame
318,amf
319,amg
320,amh
321,ami
322,amj
323,amk
324,aml
325,amm
326,amn
327,amo
328,amp
329,amq
330,amr
331,ams
332,amt
333,amu
334,amv
335,amw
336,amx
337,amy
338,amz
339,ana
340,anb
341,anc
342,and
343,ane
344,anf
345,ang
346,anh
347,ani
348,anj
349,ank
350,anl
351,anm
352,ann
353,ano
354,anp
355,anq
356,anr
357,ans
358,ant
359,anu
360,anv
361,anw
362,anx
363,any
364,anz
365,aoa
366,aob
367,aoc
368,aod
369,aoe
370,aof
371,aog
372,aoh
373,aoi
374,aoj
375,aok
376,aol
377,aom
378,aon
379,aoo
380,aop
381,aoq
382,aor
383,aos
384,aot
385,aou
386,aov
387,aow
388,aox
389,aoy
390,aoz
391,apa
392,apb
393,apc
394,apd
395,ape
396,apf
397,apg
398,aph
399,api
400,apj
401,apk
402,apl
403,apm
404,apn
405,apo
406,app
407,apq
408,apr
409,aps
410,apt
411,apu
412,apv
413,apw
414,apx
415,apy
416,apz
417,aqa
418,aqb
419,aqc
420,aqd
421,aqe
422,aqf
423,aqg
424,aqh
425,aqi
426,aqj
427,aqk
428,aql
429,aqm
430,aqn
431,aqo
432,aqp
433,aqq
434,aqr
435,aqs
436,aqt
437,aqu
438,aqv
439,aqw
440,aqx
441,aqy
442,aqz
443,ara
444,arb
445,arc
446,ard
447,are
448,arf
449,arg
450,arh
451,ari
452,arj
453,ark
454,arl
455,arm
456,arn
457,aro
458,arp
459,arq
460,arr
461,ars
462,art
463,aru
464,arv
465,arw
466,arx
467,ary
468,arz
469,asa
470,asb
471,asc
472,asd
473,ase
474,asf
475,asg
476,ash
477,asi
478,asj
479,ask
480,asl
481,asm
482,asn
483,aso
484,asp
485,asq
486,asr
487,ass
488,ast
489,asu
490,asv
491,asw
492,asx
493,asy
494,asz
495,ata
496,atb
497,atc
498,atd
499,ate
500,atf
501,atg
502,ath
503,ati
504,atj
505,atk
506,atl
507,atm
508,atn
509,ato
510,atp
511,atq
512,atr
513,ats
514,att
515,atu
516,atv
517,atw
518,atx
519,aty
520,atz
521,aua
522,aub
523,auc
524,aud
525,aue
526,auf
527,aug
528,auh
529,aui
530,auj
531,auk
532,aul
533,aum
534,aun
535,auo
536,aup
537,auq
538,aur
539,aus
540,aut
541,auu
542,auv
543,auw
544,aux
545,auy
546,auz
547,ava
548,avb
549,avc
550,avd
551,ave
552,avf
553,avg
554,avh
555,avi
556,avj
557,avk
558,avl
559,avm
560,avn
561,avo
562,avp
563,avq
564,avr
565,avs
566,avt
567,avu
568,avv
569,avw
570,avx
571,avy
572,avz
573,awa
574,awb
575,awc
576,awd
577,awe
578,awf
579,awg
580,awh
581,awi
582,awj
583,awk
584,awl
585,awm
586,awn
587,awo
588,awp
589,awq
590,awr
591,aws
592,awt
593,awu
594,awv
595,aww
596,awx
597,awy
598,awz
599,axa
600,axb
601,axc
602,axd
603,axe
604,axf
605,axg
606,axh
607,axi
608,axj
609,axk
610,axl
611,axm
612,axn
613,axo
614,axp
615,axq
616,axr
617,axs
618,axt
619,axu
620,axv
621,axw
622,axx
623,axy
624,axz
625,aya
626,ayb
627,ayc
628,ayd
629,aye
630,ayf
631,ayg
632,ayh
633,ayi
634,ayj
635,ayk
636,ayl
637,aym
638,ayn
639,ayo
640,ayp
641,ayq
642,ayr
643,ays
644,ayt
645,ayu
646,ayv
647,ayw
648,ayx
649,ayy
650,ayz
651,aza
652,azb
653,azc
654,azd
655,aze
656,azf
657,azg
658,azh
659,azi
660,azj
661,azk
662,azl
663,azm
664,azn
665,azo
666,azp
667,azq
668,azr
669,azs
670,azt
671,azu
672,azv
673,azw
674,azx
675,azy
676,azz
677,baa
678,bab
679,bac
680,bad
681,bae
682,baf
683,bag
684,bah
685,bai
686,baj
687,bak
688,bal
689,bam
690,ban
691,bao
692,bap
693,baq
694,bar
695,bas
696,bat
697,bau
698,bav
699,baw
700,bax
701,bay
702,baz
703,bba
704,bbb
705,bbc
706,bbd
707,bbe
708,bbf
709,bbg
710,bbh
711,bbi
712,bbj
713,bbk
714,bbl
715,bbm
716,bbn
717,bbo
718,bbp
719,bbq
720,bbr
721,bbs
722,bbt
723,bbu
724,bbv
725,bbw
726,bbx
727,bby
728,bbz
729,bca
730,bcb
731,bcc
732,bcd
733,bce
734,bcf
735,bcg
736,bch
737,bci
738,bcj
739,bck
740,bcl
741,bcm
742,bcn
743,bco
744,bcp
745,bcq
746,bcr
747,bcs
748,bct
749,bcu
750,bcv
751,bcw
752,bcx
753,bcy
754,bcz
755,bda
756,bdb
757,bdc
758,bdd
759,bde
760,bdf
761,bdg
762,bdh
763,bdi
764,bdj
765,bdk
766,bdl
767,bdm
768,bdn
769,bdo
770,bdp
771,bdq
772,bdr
773,bds
774,bdt
775,bdu
776,bdv
777,bdw
778,bdx
779,bdy
780,bdz
781,bea
782,beb
783,bec
784,bed
785,bee
786,bef
787,beg
788,beh
789,bei
790,bej
791,bek
792,bel
793,bem
794,ben
795,beo
796,bep
797,beq
798,ber
799,bes
800,bet
801,beu
802,bev
803,bew
804,bex
805,bey
806,bez
807,bfa
808,bfb
809,bfc
810,bfd
811,bfe
812,bff
813,bfg
814,bfh
815,bfi
816,bfj
817,bfk
818,bfl
819,bfm
820,bfn
821,bfo
822,bfp
823,bfq
824,bfr
825,bfs
826,bft
827,bfu
828,bfv
829,bfw
830,bfx
831,bfy
832,bfz
833,bga
834,bgb
835,bgc
836,bgd
837,bge
838,bgf
839,bgg
840,bgh
841,bgi
842,bgj
843,bgk
844,bgl
845,bgm
846,bgn
847,bgo
848,bgp
849,bgq
850,bgr
851,bgs
852,bgt
853,bgu
854,bgv
855,bgw
856,bgx
857,bgy
858,bgz
859,bha
860,bhb
861,bhc
862,bhd
863,bhe
864,bhf
865,bhg
866,bhh
867,bhi
868,bhj
869,bhk
870,bhl
871,bhm
872,bhn
873,bho
874,bhp
875,bhq
876,bhr
877,bhs
878,bht
879,bhu
880,bhv
881,bhw
882,bhx
883,bhy
884,bhz
885,bia
886,bib
887,bic
888,bid
889,bie
890,bif
891,big
892,bih
893,bii
894,bij
895,bik
896,bil
897,bim
898,bin
899,bio
900,bip
901,biq
902,bir
903,bis
904,bit
905,biu
906,biv
907,biw
908,bix
909,biy
910,biz
911,bja
912,bjb
913,bjc
914,bjd
915,bje
916,bjf
917,bjg
918,bjh
919,bji
920,bjj
921,bjk
922,bjl
923,bjm
924,bjn
925,bjo
926,bjp
927,bjq
928,bjr
929,bjs
930,bjt
931,bju
932,bjv
933,bjw
934,bjx
935,bjy
936,bjz
937,bka
938,bkb
939,bkc
940,bkd
941,bke
942,bkf
943,bkg
944,bkh
945,bki
946,bkj
947,bkk
948,bkl
949,bkm
950,bkn
951,bko
952,bkp
953,bkq
954,bkr
955,bks
956,bkt
957,bku
958,bkv
959,bkw
960,bkx
961,bky
962,bkz
963,bla
964,blb
965,blc
966,bld
967,ble
968,blf
969,blg
970,blh
971,bli
972,blj
973,blk
974,bll
975,blm
976,bln
977,blo
978,blp
979,blq
980,blr
981,bls
982,blt
983,blu
984,blv
985,blw
986,blx
987,bly
988,blz
989,bma
990,bmb
991,bmc
992,bmd
993,bme
994,bmf
995,bmg
996,bmh
997,bmi
998,bmj
999,bmk
1000,bml
1001,bmm
1002,bmn
1003,bmo
1004,bmp
1005,bmq
1006,bmr
1007,bms
1008,bmt
1009,bmu
1010,bmv
1011,bmw
1012,bmx
1013,bmy
1014,bmz
1015,bna
1016,bnb
1017,bnc
1018,bnd
1019,bne
1020,bnf
1021,bng
1022,bnh
1023,bni
1024,bnj
1025,bnk
1026,bnl
1027,bnm
1028,bnn
1029,bno
1030,bnp
1031,bnq
1032,bnr
1033,bns
1034,bnt
1035,bnu
1036,bnv
1037,bnw
1038,bnx
1039,bny
1040,bnz
1041,boa
1042,bob
1043,boc
1044,bod
1045,boe
1046,bof
1047,bog
1048,boh
1049,boi
1050,boj
1051,bok
1052,bol
1053,bom
1054,bon
1055,boo
1056,bop
1057,boq
1058,bor
1059,bos
1060,bot
1061,bou
1062,bov
1063,bow
1064,box
1065,boy
1066,boz
1067,bpa
1068,bpb
1069,bpc
1070,bpd
1071,bpe
1072,bpf
1073,bpg
1074,bph
1075,bpi
1076,bpj
1077,bpk
1078,bpl
1079,bpm
1080,bpn
1081,bpo
1082,bpp
1083,bpq
1084,bpr
1085,bps
1086,bpt
1087,bpu
1088,bpv
1089,bpw
1090,bpx
1091,bpy
1092,bpz
1093,bqa
1094,bqb
1095,bqc
1096,bqd
1097,bqe
1098,bqf
1099,bqg
1100,bqh
1101,bqi
1102,bqj
1103,bqk
1104,bql
1105,bqm
1106,bqn
1107,bqo
1108,bqp
1109,bqq
1110,bqr
1111,bqs
1112,bqt
1113,bqu
1114,bqv
1115,bqw
1116,bqx
1117,bqy
1118,bqz
1119,bra
1120,brb
1121,brc
1122,brd
1123,bre
1124,brf
1125,brg
1126,brh
1127,bri
1128,brj
1129,brk
1130,brl
1131,brm
1132,brn
1133,bro
1134,brp
1135,brq
1136,brr
1137,brs
1138,brt
1139,bru
1140,brv
1141,brw
1142,brx
1143,bry
1144,brz
1145,bsa
1146,bsb
1147,bsc
1148,bsd
1149,bse
1150,bsf
1151,bsg
1152,bsh
1153,bsi
1154,bsj
1155,bsk
1156,bsl
1157,bsm
1158,bsn
1159,bso
1160,bsp
1161,bsq
1162,bsr
1163,bss
1164,bst
1165,bsu
1166,bsv
1167,bsw
1168,bsx
1169,bsy
1170,bsz
1171,bta
1172,btb
1173,btc
1174,btd
1175,bte
1176,btf
1177,btg
1178,bth
1179,bti
1180,btj
1181,btk
1182,btl
1183,btm
1184,btn
1185,bto
1186,btp
1187,btq
1188,btr
1189,bts
1190,btt
1191,btu
1192,btv
1193,btw
1194,btx
1195,bty
1196,btz
1197,bua
1198,bub
1199,buc
1200,bud
1201,bue
1202,buf
1203,bug
1204,buh
1205,bui
1206,buj
1207,buk
1208,bul
1209,bum
1210,bun
1211,buo
1212,bup
1213,buq
1214,bur
1215,bus
1216,but
1217,buu
1218,buv
1219,buw
1220,bux
1221,buy
1222,buz
1223,bva
1224,bvb
1225,bvc
1226,bvd
1227,bve
1228,bvf
1229,bvg
1230,bvh
1231,bvi
1232,bvj
1233,bvk
1234,bvl
1235,bvm
1236,bvn
1237,bvo
1238,bvp
1239,bvq
1240,bvr
1241,bvs
1242,bvt
1243,bvu
1244,bvv
1245,bvw
1246,bvx
1247,bvy
1248,bvz
1249,bwa
1250,bwb
1251,bwc
1252,bwd
1253,bwe
1254,bwf
1255,bwg
1256,bwh
1257,bwi
1258,bwj
1259,bwk
1260,bwl
1261,bwm
1262,bwn
1263,bwo
1264,bwp
1265,bwq
1266,bwr
1267,bws
1268,bwt
1269,bwu
1270,bwv
1271,bww
1272,bwx
1273,bwy
1274,bwz
1275,bxa
1276,bxb
1277,bxc
1278,bxd
1279,bxe
1280,bxf
1281,bxg
1282,bxh
1283,bxi
1284,bxj
1285,bxk
1286,bxl
1287,bxm
1288,bxn
1289,bxo
1290,bxp
1291,bxq
1292,bxr
1293,bxs
1294,bxt
1295,bxu
1296,bxv
1297,bxw
1298,bxx
1299,bxy
1300,bxz
1301,bya
1302,byb
1303,byc
1304,byd
1305,bye
1306,byf
1307,byg
1308,byh
1309,byi
1310,byj
1311,byk
1312,byl
1313,bym
1314,byn
1315,byo
1316,byp
1317,byq
1318,byr
1319,bys
1320,byt
1321,byu
1322,byv
1323,byw
1324,byx
1325,byy
1326,byz
1327,bza
1328,bzb
1329,bzc
1330,bzd
1331,bze
1332,bzf
1333,bzg
1334,bzh
1335,bzi
1336,bzj
1337,bzk
1338,bzl
1339,bzm
1340,bzn
1341,bzo
1342,bzp
1343,bzq
1344,bzr
1345,bzs
1346,bzt
1347,bzu
1348,bzv
1349,bzw
1350,bzx
1351,bzy
1352,bzz
1353,caa
1354,cab
1355,cac
1356,cad
1357,cae
1358,caf
1359,cag
1360,cah
1361,cai
1362,caj
1363,cak
1364,cal
1365,cam
1366,can
1367,cao
1368,cap
1369,caq
1370,car
1371,cas
1372,cat
1373,cau
1374,cav
1375,caw
1376,cax
1377,cay
1378,caz
1379,cba
1380,cbb
1381,cbc
1382,cbd
1383,cbe
1384,cbf
1385,cbg
1386,cbh
1387,cbi
1388,cbj
1389,cbk
1390,cbl
1391,cbm
1392,cbn
1393,cbo
1394,cbp
1395,cbq
1396,cbr
1397,cbs
1398,cbt
1399,cbu
1400,cbv
1401,cbw
1402,cbx
1403,cby
1404,cbz
1405,cca
1406,ccb
1407,ccc
1408,ccd
1409,cce
1410,ccf
1411,ccg
1412,cch
1413,cci
1414,ccj
1415,cck
1416,ccl
1417,ccm
1418,ccn
1419,cco
1420,ccp
1421,ccq
1422,ccr
1423,ccs
1424,cct
1425,ccu
1426,ccv
1427,ccw
1428,ccx
1429,ccy
1430,ccz
1431,cda
1432,cdb
1433,cdc
1434,cdd
1435,cde
1436,cdf
1437,cdg
1438,cdh
1439,cdi
1440,cdj
1441,cdk
1442,cdl
1443,cdm
1444,cdn
1445,cdo
1446,cdp
1447,cdq
1448,cdr
1449,cds
1450,cdt
1451,cdu
1452,cdv
1453,cdw
1454,cdx
1455,cdy
1456,cdz
1457,cea
1458,ceb
1459,cec
1460,ced
1461,cee
1462,cef
1463,ceg
1464,ceh
1465,cei
1466,cej
1467,cek
1468,cel
1469,cem
1470,cen
1471,ceo
1472,cep
1473,ceq
1474,cer
1475,ces
1476,cet
1477,ceu
1478,cev
1479,cew
1480,cex
1481,cey
1482,cez
1483,cfa
1484,cfb
1485,cfc
1486,cfd
1487,cfe
1488,cff
1489,cfg
1490,cfh
1491,cfi
1492,cfj
1493,cfk
1494,cfl
1495,cfm
1496,cfn
1497,cfo
1498,cfp
1499,cfq
1500,cfr
1501,cfs
1502,cft
1503,cfu
1504,cfv
1505,cfw
1506,cfx
1507,cfy
1508,cfz
1509,cga
1510,cgb
1511,cgc
1512,cgd
1513,cge
1514,cgf
1515,cgg
1516,cgh
1517,cgi
1518,cgj
1519,cgk
1520,cgl
1521,cgm
1522,cgn
1523,cgo
1524,cgp
1525,cgq
1526,cgr
1527,cgs
1528,cgt
1529,cgu
1530,cgv
1531,cgw
1532,cgx
1533,cgy
1534,cgz
1535,cha
1536,chb
1537,chc
1538,chd
1539,che
1540,chf
1541,chg
1542,chh
1543,chi
1544,chj
1545,chk
1546,chl
1547,chm
1548,chn
1549,cho
1550,chp
1551,chq
1552,chr
1553,chs
1554,cht
1555,chu
1556,chv
1557,chw
1558,chx
1559,chy
1560,chz
1561,cia
1562,cib
1563,cic
1564,cid
1565,cie
1566,cif
1567,cig
1568,cih
1569,cii
1570,cij
1571,cik
1572,cil
1573,cim
1574,cin
1575,cio
1576,cip
1577,ciq
1578,cir
1579,cis
1580,cit
1581,ciu
1582,civ
1583,ciw
1584,cix
1585,ciy
1586,ciz
1587,cja
1588,cjb
1589,cjc
1590,cjd
1591,cje
1592,cjf
1593,cjg
1594,cjh
1595,cji
1596,cjj
1597,cjk
1598,cjl
1599,cjm
1600,cjn
1601,cjo
1602,cjp
1603,cjq
1604,cjr
1605,cjs
1606,cjt
1607,cju
1608,cjv
1609,cjw
1610,cjx
1611,cjy
1612,cjz
1613,cka
1614,ckb
1615,ckc
1616,ckd
1617,cke
1618,ckf
1619,ckg
1620,ckh
1621,cki
1622,ckj
1623,ckk
1624,ckl
1625,ckm
1626,ckn
1627,cko
1628,ckp
1629,ckq
1630,ckr
1631,cks
1632,ckt
1633,cku
1634,ckv
1635,ckw
1636,ckx
1637,cky
1638,ckz
1639,cla
1640,clb
1641,clc
1642,cld
1643,cle
1644,clf
1645,clg
1646,clh
1647,cli
1648,clj
1649,clk
1650,cll
1651,clm
1652,cln
1653,clo
1654,clp
1655,clq
1656,clr
1657,cls
1658,clt
1659,clu
1660,clv
1661,clw
1662,clx
1663,cly
1664,clz
1665,cma
1666,cmb
1667,cmc
1668,cmd
1669,cme
1670,cmf
1671,cmg
1672,cmh
1673,cmi
1674,cmj
1675,cmk
1676,cml
1677,cmm
1678,cmn
1679,cmo
1680,cmp
1681,cmq
1682,cmr
1683,cms
1684,cmt
1685,cmu
1686,cmv
1687,cmw
1688,cmx
1689,cmy
1690,cmz
1691,cna
1692,cnb
1693,cnc
1694,cnd
1695,cne
1696,cnf
1697,cng
1698,cnh
1699,cni
1700,cnj
1701,cnk
1702,cnl
1703,cnm
1704,cnn
1705,cno
1706,cnp
1707,cnq
1708,cnr
1709,cns
1710,cnt
1711,cnu
1712,cnv
1713,cnw
1714,cnx
1715,cny
1716,cnz
1717,coa
1718,cob
1719,coc
1720,cod
1721,coe
1722,cof
1723,cog
1724,coh
1725,coi
1726,coj
1727,cok
1728,col
1729,com
1730,con
1731,coo
1732,cop
1733,coq
1734,cor
1735,cos
1736,cot
1737,cou
1738,cov
1739,cow
1740,cox
1741,coy
1742,coz
1743,cpa
1744,cpb
1745,cpc
1746,cpd
1747,cpe
1748,cpf
1749,cpg
1750,cph
1751,cpi
1752,cpj
1753,cpk
1754,cpl
1755,cpm
1756,cpn
1757,cpo
1758,cpp
1759,cpq
1760,cpr
1761,cps
1762,cpt
1763,cpu
1764,cpv
1765,cpw
1766,cpx
1767,cpy
1768,cpz
1769,cqa
1770,cqb
1771,cqc
1772,cqd
1773,cqe
1774,cqf
1775,cqg
1776,cqh
1777,cqi
1778,cqj
1779,cqk
1780,cql
1781,cqm
1782,cqn
1783,cqo
1784,cqp
1785,cqq
1786,cqr
1787,cqs
1788,cqt
1789,cqu
1790,cqv
1791,cqw
1792,cqx
1793,cqy
1794,cqz
1795,cra
1796,crb
1797,crc
1798,crd
1799,cre
1800,crf
1801,crg
1802,crh
1803,cri
1804,crj
1805,crk
1806,crl
1807,crm
1808,crn
1809,cro
1810,crp
1811,crq
1812,crr
1813,crs
1814,crt
1815,cru
1816,crv
1817,crw
1818,crx
1819,cry
1820,crz
1821,csa
1822,csb
1823,csc
1824,csd
1825,cse
1826,csf
1827,csg
1828,csh
1829,csi
1830,csj
1831,csk
1832,csl
1833,csm
1834,csn
1835,cso
1836,csp
1837,csq
1838,csr
1839,css
1840,cst
1841,csu
1842,csv
1843,csw
1844,csx
1845,csy
1846,csz
1847,cta
1848,ctb
1849,ctc
1850,ctd
1851,cte
1852,ctf
1853,ctg
1854,cth
1855,cti
1856,ctj
1857,ctk
1858,ctl
1859,ctm
1860,ctn
1861,cto
1862,ctp
1863,ctq
1864,ctr
1865,cts
1866,ctt
1867,ctu
1868,ctv
1869,ctw
1870,ctx
1871,cty
1872,ctz
1873,cua
1874,cub
1875,cuc
1876,cud
1877,cue
1878,cuf
1879,cug
1880,cuh
1881,cui
1882,cuj
1883,cuk
1884,cul
1885,cum
1886,cun
1887,cuo
1888,cup
1889,cuq
1890,cur
1891,cus
1892,cut
1893,cuu
1894,cuv
1895,cuw
1896,cux
1897,cuy
1898,cuz
1899,cva
1900,cvb
1901,cvc
1902,cvd
1903,cve
1904,cvf
1905,cvg
1906,cvh
1907,cvi
1908,cvj
1909,cvk
1910,cvl
1911,cvm
1912,cvn
1913,cvo
1914,cvp
1915,cvq
1916,cvr
1917,cvs
1918,cvt
1919,cvu
1920,cvv
1921,cvw
1922,cvx
1923,cvy
1924,cvz
1925,cwa
1926,cwb
1927,cwc
1928,cwd
1929,cwe
1930,cwf
1931,cwg
1932,cwh
1933,cwi
1934,cwj
1935,cwk
1936,cwl
1937,cwm
1938,cwn
1939,cwo
1940,cwp
1941,cwq
1942,cwr
1943,cws
1944,cwt
1945,cwu
1946,cwv
1947,cww
1948,cwx
1949,cwy
1950,cwz
1951,cxa
1952,cxb
1953,cxc
1954,cxd
1955,cxe
1956,cxf
1957,cxg
1958,cxh
1959,cxi
1960,cxj
1961,cxk
1962,cxl
1963,cxm
1964,cxn
1965,cxo
1966,cxp
1967,cxq
1968,cxr
1969,cxs
1970,cxt
1971,cxu
1972,cxv
1973,cxw
1974,cxx
1975,cxy
1976,cxz
1977,cya
1978,cyb
1979,cyc
1980,cyd
1981,cye
1982,cyf
1983,cyg
1984,cyh
1985,cyi
1986,cyj
1987,cyk
1988,cyl
1989,cym
1990,cyn
1991,cyo
1992,cyp
1993,cyq
1994,cyr
1995,cys
1996,cyt
1997,cyu
1998,cyv
1999,cyw
2000,cyx
2001,cyy
2002,cyz
2003,cza
2004,czb
2005,czc
2006,czd
2007,cze
2008,czf
2009,czg
2010,czh
2011,czi
2012,czj
2013,czk
2014,czl
2015,czm
2016,czn
2017,czo
2018,czp
2019,czq
2020,czr
2021,czs
2022,czt
2023,czu
2024,czv
2025,czw
2026,czx
2027,czy
2028,czz
2029,daa
2030,dab
2031,dac
2032,dad
2033,dae
2034,daf
2035,dag
2036,dah
2037,dai
2038,daj
2039,dak
2040,dal
2041,dam
2042,dan
2043,dao
2044,dap
2045,daq
2046,dar
2047,das
2048,dat
2049,dau
2050,dav
2051,daw
2052,dax
2053,day
2054,daz
2055,dba
2056,dbb
2057,dbc
2058,dbd
2059,dbe
2060,dbf
2061,dbg
2062,dbh
2063,dbi
2064,dbj
2065,dbk
2066,dbl
2067,dbm
2068,dbn
2069,dbo
2070,dbp
2071,dbq
2072,dbr
2073,dbs
2074,dbt
2075,dbu
2076,dbv
2077,dbw
2078,dbx
2079,dby
2080,dbz
2081,dca
2082,dcb
2083,dcc
2084,dcd
2085,dce
2086,dcf
2087,dcg
2088,dch
2089,dci
2090,dcj
2091,dck
2092,dcl
2093,dcm
2094,dcn
2095,dco
2096,dcp
2097,dcq
2098,dcr
2099,dcs
2100,dct
2101,dcu
2102,dcv
2103,dcw
2104,dcx
2105,dcy
2106,dcz
2107,dda
2108,ddb
2109,ddc
2110,ddd
2111,dde
2112,ddf
2113,ddg
2114,ddh
2115,ddi
2116,ddj
2117,ddk
2118,ddl
2119,ddm
2120,ddn
2121,ddo
2122,ddp
2123,ddq
2124,ddr
2125,dds
2126,ddt
2127,ddu
2128,ddv
2129,ddw
2130,ddx
2131,ddy
2132,ddz
2133,dea
2134,deb
2135,dec
2136,ded
2137,dee
2138,def
2139,deg
2140,deh
2141,dei
2142,dej
2143,dek
2144,del
2145,dem
2146,den
2147,deo
2148,dep
2149,deq
2150,der
2151,des
2152,det
2153,deu
2154,dev
2155,dew
2156,dex
2157,dey
2158,dez
2159,dfa
2160,dfb
2161,dfc
2162,dfd
2163,dfe
2164,dff
2165,dfg
2166,dfh
2167,dfi
2168,dfj
2169,dfk
2170,dfl
2171,dfm
2172,dfn
2173,dfo
2174,dfp
2175,dfq
2176,dfr
2177,dfs
2178,dft
2179,dfu
2180,dfv
2181,dfw
2182,dfx
2183,dfy
2184,dfz
2185,dga
2186,dgb
2187,dgc
2188,dgd
2189,dge
2190,dgf
2191,dgg
2192,dgh
2193,dgi
2194,dgj
2195,dgk
2196,dgl
2197,dgm
2198,dgn
2199,dgo
2200,dgp
2201,dgq
2202,dgr
2203,dgs
2204,dgt
2205,dgu
2206,dgv
2207,dgw
2208,dgx
2209,dgy
2210,dgz
2211,dha
2212,dhb
2213,dhc
2214,dhd
2215,dhe
2216,dhf
2217,dhg
2218,dhh
2219,dhi
2220,dhj
2221,dhk
2222,dhl
2223,dhm
2224,dhn
2225,dho
2226,dhp
2227,dhq
2228,dhr
2229,dhs
2230,dht
2231,dhu
2232,dhv
2233,dhw
2234,dhx
2235,dhy
2236,dhz
2237,dia
2238,dib
2239,dic
2240,did
2241,die
2242,dif
2243,dig
2244,dih
2245,dii
2246,dij
2247,dik
2248,dil
2249,dim
2250,din
2251,dio
2252,dip
2253,diq
2254,dir
2255,dis
2256,dit
2257,diu
2258,div
2259,diw
2260,dix
2261,diy
2262,diz
2263,dja
2264,djb
2265,djc
2266,djd
2267,dje
2268,djf
2269,djg
2270,djh
2271,dji
2272,djj
2273,djk
2274,djl
2275,djm
2276,djn
2277,djo
2278,djp
2279,djq
2280,djr
2281,djs
2282,djt
2283,dju
2284,djv
2285,djw
2286,djx
2287,djy
2288,djz
2289,dka
2290,dkb
2291,dkc
2292,dkd
2293,dke
2294,dkf
2295,dkg
2296,dkh
2297,dki
2298,dkj
2299,dkk
2300,dkl
2301,dkm
2302,dkn
2303,dko
2304,dkp
2305,dkq
2306,dkr
2307,dks
2308,dkt
2309,dku
2310,dkv
2311,dkw
2312,dkx
2313,dky
2314,dkz
2315,dla
2316,dlb
2317,dlc
2318,dld
2319,dle
2320,dlf
2321,dlg
2322,dlh
2323,dli
2324,dlj
2325,dlk
2326,dll
2327,dlm
2328,dln
2329,dlo
2330,dlp
2331,dlq
2332,dlr
2333,dls
2334,dlt
2335,dlu
2336,dlv
2337,dlw
2338,dlx
2339,dly
2340,dlz
2341,dma
2342,dmb
2343,dmc
2344,dmd
2345,dme
2346,dmf
2347,dmg
2348,dmh
2349,dmi
2350,dmj
2351,dmk
2352,dml
2353,dmm
2354,dmn
2355,dmo
2356,dmp
2357,dmq
2358,dmr
2359,dms
2360,dmt
2361,dmu
2362,dmv
2363,dmw
2364,dmx
2365,dmy
2366,dmz
2367,dna
2368,dnb
2369,dnc
2370,dnd
2371,dne
2372,dnf
2373,dng
2374,dnh
2375,dni
2376,dnj
2377,dnk
2378,dnl
2379,dnm
2380,dnn
2381,dno
2382,dnp
2383,dnq
2384,dnr
2385,dns
2386,dnt
2387,dnu
2388,dnv
2389,dnw
2390,dnx
2391,dny
2392,dnz
2393,doa
2394,dob
2395,doc
2396,dod
2397,doe
2398,dof
2399,dog
2400,doh
2401,doi
2402,doj
2403,dok
2404,dol
2405,dom
2406,don
2407,doo
2408,dop
2409,doq
2410,dor
2411,dos
2412,dot
2413,dou
2414,dov
2415,dow
2416,dox
2417,doy
2418,doz
2419,dpa
2420,dpb
2421,dpc
2422,dpd
2423,dpe
2424,dpf
2425,dpg
2426,dph
2427,dpi
2428,dpj
2429,dpk
2430,dpl
2431,dpm
2432,dpn
2433,dpo
2434,dpp
2435,dpq
2436,dpr
2437,dps
2438,dpt
2439,dpu
2440,dpv
2441,dpw
2442,dpx
2443,dpy
2444,dpz
2445,dqa
2446,dqb
2447,dqc
2448,dqd
2449,dqe
2450,dqf
2451,dqg
2452,dqh
2453,dqi
2454,dqj
2455,dqk
2456,dql
2457,dqm
2458,dqn
2459,dqo
2460,dqp
2461,dqq
2462,dqr
2463,dqs
2464,dqt
2465,dqu
2466,dqv
2467,dqw
2468,dqx
2469,dqy
2470,dqz
2471,dra
2472,drb
2473,drc
2474,drd
2475,dre
2476,drf
2477,drg
2478,drh
2479,dri
2480,drj
2481,drk
2482,drl
2483,drm
2484,drn
2485,dro
2486,drp
2487,drq
2488,drr
2489,drs
2490,drt
2491,dru
2492,drv
2493,drw
2494,drx
2495,dry
2496,drz
2497,dsa
2498,dsb
2499,dsc
2500,dsd
2501,dse
2502,dsf
2503,dsg
2504,dsh
2505,dsi
2506,dsj
2507,dsk
2508,dsl
2509,dsm
2510,dsn
2511,dso
2512,dsp
2513,dsq
2514,dsr
2515,dss
2516,dst
2517,dsu
2518,dsv
2519,dsw
2520,dsx
2521,dsy
2522,dsz
2523,dta
2524,dtb
2525,dtc
2526,dtd
2527,dte
2528,dtf
2529,dtg
2530,dth
2531,dti
2532,dtj
2533,dtk
2534,dtl
2535,dtm
2536,dtn
2537,dto
2538,dtp
2539,dtq
2540,dtr
2541,dts
2542,dtt
2543,dtu
2544,dtv
2545,dtw
2546,dtx
2547,dty
2548,dtz
2549,dua
2550,dub
2551,duc
2552,dud
2553,due
2554,duf
2555,dug
2556,duh
2557,dui
2558,duj
2559,duk
2560,dul
2561,dum
2562,dun
2563,duo
2564,dup
2565,duq
2566,dur
2567,dus
2568,dut
2569,duu
2570,duv
2571,duw
2572,dux
2573,duy
2574,duz
2575,dva
2576,dvb
2577,dvc
2578,dvd
2579,dve
2580,dvf
2581,dvg
2582,dvh
2583,dvi
2584,dvj
2585,dvk
2586,dvl
2587,dvm
2588,dvn
2589,dvo
2590,dvp
2591,dvq
2592,dvr
2593,dvs
2594,dvt
2595,dvu
2596,dvv
2597,dvw
2598,dvx
2599,dvy
2600,dvz
2601,dwa
2602,dwb
2603,dwc
2604,dwd
2605,dwe
2606,dwf
2607,dwg
2608,dwh
2609,dwi
2610,dwj
2611,dwk
2612,dwl
2613,dwm
2614,dwn
2615,dwo
2616,dwp
2617,dwq
2618,dwr
2619,dws
2620,dwt
2621,dwu
2622,dwv
2623,dww
2624,dwx
2625,dwy
2626,dwz
2627,dxa
2628,dxb
2629,dxc
2630,dxd
2631,dxe
2632,dxf
2633,dxg
2634,dxh
2635,dxi
2636,dxj
2637,dxk
2638,dxl
2639,dxm
2640,dxn
2641,dxo
2642,dxp
2643,dxq
2644,dxr
2645,dxs
2646,dxt
2647,dxu
2648,dxv
2649,dxw
2650,dxx
2651,dxy
2652,dxz
2653,dya
2654,dyb
2655,dyc
2656,dyd
2657,dye
2658,dyf
2659,dyg
2660,dyh
2661,dyi
2662,dyj
2663,dyk
2664,dyl
2665,dym
2666,dyn
2667,dyo
2668,dyp
2669,dyq
2670,dyr
2671,dys
2672,dyt
2673,dyu
2674,dyv
2675,dyw
2676,dyx
2677,dyy
2678,dyz
2679,dza
2680,dzb
2681,dzc
2682,dzd
2683,dze
2684,dzf
2685,dzg
2686,dzh
2687,dzi
2688,dzj
2689,dzk
2690,dzl
2691,dzm
2692,dzn
2693,dzo
2694,dzp
2695,dzq
2696,dzr
2697,dzs
2698,dzt
2699,dzu
2700,dzv
2701,dzw
2702,dzx
2703,dzy
2704,dzz
2705,eaa
2706,eab
2707,eac
2708,ead
2709,eae
2710,eaf
2711,eag
2712,eah
2713,eai
2714,eaj
2715,eak
2716,eal
2717,eam
2718,ean
2719,eao
2720,eap
2721,eaq
2722,ear
2723,eas
2724,eat
2725,eau
2726,eav
2727,eaw
2728,eax
2729,eay
2730,eaz
2731,eba
2732,ebb
2733,ebc
2734,ebd
2735,ebe
2736,ebf
2737,ebg
2738,ebh
2739,ebi
2740,ebj
2741,ebk
2742,ebl
2743,ebm
2744,ebn
2745,ebo
2746,ebp
2747,ebq
2748,ebr
2749,ebs
2750,ebt
2751,ebu
2752,ebv
2753,ebw
2754,ebx
2755,eby
2756,ebz
2757,eca
2758,ecb
2759,ecc
2760,ecd
2761,ece
2762,ecf
2763,ecg
2764,ech
2765,eci
2766,ecj
2767,eck
2768,ecl
2769,ecm
2770,ecn
2771,eco
2772,ecp
2773,ecq
2774,ecr
2775,ecs
2776,ect
2777,ecu
2778,ecv
2779,ecw
2780,ecx
2781,ecy
2782,ecz
2783,eda
2784,edb
2785,edc
2786,edd
2787,ede
2788,edf
2789,edg
2790,edh
2791,edi
2792,edj
2793,edk
2794,edl
2795,edm
2796,edn
2797,edo
2798,edp
2799,edq
2800,edr
2801,eds
2802,edt
2803,edu
2804,edv
2805,edw
2806,edx
2807,edy
2808,edz
2809,eea
2810,eeb
2811,eec
2812,eed
2813,eee
2814,eef
2815,eeg
2816,eeh
2817,eei
2818,eej
2819,eek
2820,eel
2821,eem
2822,een
2823,eeo
2824,eep
2825,eeq
2826,eer
2827,ees
2828,eet
2829,eeu
2830,eev
2831,eew
2832,eex
2833,eey
2834,eez
2835,efa
2836,efb
2837,efc
2838,efd
2839,efe
2840,eff
2841,efg
2842,efh
2843,efi
2844,efj
2845,efk
2846,efl
2847,efm
2848,efn
2849,efo
2850,efp
2851,efq
2852,efr
2853,efs
2854,eft
2855,efu
2856,efv
2857,efw
2858,efx
2859,efy
2860,efz
2861,ega
2862,egb
2863,egc
2864,egd
2865,ege
2866,egf
2867,egg
2868,egh
2869,egi
2870,egj
2871,egk
2872,egl
2873,egm
2874,egn
2875,ego
2876,egp
2877,egq
2878,egr
2879,egs
2880,egt
2881,egu
2882,egv
2883,egw
2884,egx
2885,egy
2886,egz
2887,eha
2888,ehb
2889,ehc
2890,ehd
2891,ehe
2892,ehf
2893,ehg
2894,ehh
2895,ehi
2896,ehj
2897,ehk
2898,ehl
2899,ehm
2900,ehn
2901,eho
2902,ehp
2903,ehq
2904,ehr
2905,ehs
2906,eht
2907,ehu
2908,ehv
2909,ehw
2910,ehx
2911,ehy
2912,ehz
2913,eia
2914,eib
2915,eic
2916,eid
2917,eie
2918,eif
2919,eig
2920,eih
2921,eii
2922,eij
2923,eik
2924,eil
2925,eim
2926,ein
2927,eio
2928,eip
2929,eiq
2930,eir
2931,eis
2932,eit
2933,eiu
2934,eiv
2935,eiw
2936,eix
2937,eiy
2938,eiz
2939,eja
2940,ejb
2941,ejc
2942,ejd
2943,eje
2944,ejf
2945,ejg
2946,ejh
2947,eji
2948,ejj
2949,ejk
2950,ejl
2951,ejm
2952,ejn
2953,ejo
2954,ejp
2955,ejq
2956,ejr
2957,ejs
2958,ejt
2959,eju
2960,ejv
2961,ejw
2962,ejx
2963,ejy
2964,ejz
2965,eka
2966,ekb
2967,ekc
2968,ekd
2969,eke
2970,ekf
2971,ekg
2972,ekh
2973,eki
2974,ekj
2975,ekk
2976,ekl
2977,ekm
2978,ekn
2979,eko
2980,ekp
2981,ekq
2982,ekr
2983,eks
2984,ekt
2985,eku
2986,ekv
2987,ekw
2988,ekx
2989,eky
2990,ekz
2991,ela
2992,elb
2993,elc
2994,eld
2995,ele
2996,elf
2997,elg
2998,elh
2999,eli
3000,elj
3001,elk
3002,ell
3003,elm
3004,eln
3005,elo
3006,elp
3007,elq
3008,elr
3009,els
3010,elt
3011,elu
3012,elv
3013,elw
3014,elx
3015,ely
3016,elz
3017,ema
3018,emb
3019,emc
3020,emd
3021,eme
3022,emf
3023,emg
3024,emh
3025,emi
3026,emj
3027,emk
3028,eml
3029,emm
3030,emn
3031,emo
3032,emp
3033,emq
3034,emr
3035,ems
3036,emt
3037,emu
3038,emv
3039,emw
3040,emx
3041,emy
3042,emz
3043,ena
3044,enb
3045,enc
3046,end
3047,ene
3048,enf
3049,eng
3050,enh
3051,eni
3052,enj
3053,enk
3054,enl
3055,enm
3056,enn
3057,eno
3058,enp
3059,enq
3060,enr
3061,ens
3062,ent
3063,enu
3064,env
3065,enw
3066,enx
3067,eny
3068,enz
3069,eoa
3070,eob
3071,eoc
3072,eod
3073,eoe
3074,eof
3075,eog
3076,eoh
3077,eoi
3078,eoj
3079,eok
3080,eol
3081,eom
3082,eon
3083,eoo
3084,eop
3085,eoq
3086,eor
3087,eos
3088,eot
3089,eou
3090,eov
3091,eow
3092,eox
3093,eoy
3094,eoz
3095,epa
3096,epb
3097,epc
3098,epd
3099,epe
3100,epf
3101,epg
3102,eph
3103,epi
3104,epj
3105,epk
3106,epl
3107,epm
3108,epn
3109,epo
3110,epp
3111,epq
3112,epr
3113,eps
3114,ept
3115,epu
3116,epv
3117,epw
3118,epx
3119,epy
3120,epz
3121,eqa
3122,eqb
3123,eqc
3124,eqd
3125,eqe
3126,eqf
3127,eqg
3128,eqh
3129,eqi
3130,eqj
3131,eqk
3132,eql
3133,eqm
3134,eqn
3135,eqo
3136,eqp
3137,eqq
3138,eqr
3139,eqs
3140,eqt
3141,equ
3142,eqv
3143,eqw
3144,eqx
3145,eqy
3146,eqz
3147,era
3148,erb
3149,erc
3150,erd
3151,ere
3152,erf
3153,erg
3154,erh
3155,eri
3156,erj
3157,erk
3158,erl
3159,erm
3160,ern
3161,ero
3162,erp
3163,erq
3164,err
3165,ers
3166,ert
3167,eru
3168,erv
3169,erw
3170,erx
3171,ery
3172,erz
3173,esa
3174,esb
3175,esc
3176,esd
3177,ese
3178,esf
3179,esg
3180,esh
3181,esi
3182,esj
3183,esk
3184,esl
3185,esm
3186,esn
3187,eso
3188,esp
3189,esq
3190,esr
3191,ess
3192,est
3193,esu
3194,esv
3195,esw
3196,esx
3197,esy
3198,esz
3199,eta
3200,etb
3201,etc
3202,etd
3203,ete
3204,etf
3205,etg
3206,eth
3207,eti
3208,etj
3209,etk
3210,etl
3211,etm
3212,etn
3213,eto
3214,etp
3215,etq
3216,etr
3217,ets
3218,ett
3219,etu
3220,etv
3221,etw
3222,etx
3223,ety
3224,etz
3225,eua
3226,eub
3227,euc
3228,eud
3229,eue
3230,euf
3231,eug
3232,euh
3233,eui
3234,euj
3235,euk
3236,eul
3237,eum
3238,eun
3239,euo
3240,eup
3241,euq
3242,eur
3243,eus
3244,eut
3245,euu
3246,euv
3247,euw
3248,eux
3249,euy
3250,euz
3251,eva
3252,evb
3253,evc
3254,evd
3255,eve
3256,evf
3257,evg
3258,evh
3259,evi
3260,evj
3261,evk
3262,evl
3263,evm
3264,evn
3265,evo
3266,evp
3267,evq
3268,evr
3269,evs
3270,evt
3271,evu
3272,evv
3273,evw
3274,evx
3275,evy
3276,evz
3277,ewa
3278,ewb
3279,ewc
3280,ewd
3281,ewe
3282,ewf
3283,ewg
3284,ewh
3285,ewi
3286,ewj
3287,ewk
3288,ewl
3289,ewm
3290,ewn
3291,ewo
3292,ewp
3293,ewq
3294,ewr
3295,ews
3296,ewt
3297,ewu
3298,ewv
3299,eww
3300,ewx
3301,ewy
3302,ewz
3303,exa
3304,exb
3305,exc
3306,exd
3307,exe
3308,exf
3309,exg
3310,exh
3311,exi
3312,exj
3313,exk
3314,exl
3315,exm
3316,exn
3317,exo
3318,exp
3319,exq
3320,exr
3321,exs
3322,ext
3323,exu
3324,exv
3325,exw
3326,exx
3327,exy
3328,exz
3329,eya
3330,eyb
3331,eyc
3332,eyd
3333,eye
3334,eyf
3335,eyg
3336,eyh
3337,eyi
3338,eyj
3339,eyk
3340,eyl
3341,eym
3342,eyn
3343,eyo
3344,eyp
3345,eyq
3346,eyr
3347,eys
3348,eyt
3349,eyu
3350,eyv
3351,eyw
3352,eyx
3353,eyy
3354,eyz
3355,eza
3356,ezb
3357,ezc
3358,ezd
3359,eze
3360,ezf
3361,ezg
3362,ezh
3363,ezi
3364,ezj
3365,ezk
3366,ezl
3367,ezm
3368,ezn
3369,ezo
3370,ezp
3371,ezq
3372,ezr
3373,ezs
3374,ezt
3375,ezu
3376,ezv
3377,ezw
3378,ezx
3379,ezy
3380,ezz
3381,faa
3382,fab
3383,fac
3384,fad
3385,fae
3386,faf
3387,fag
3388,fah
3389,fai
3390,faj
3391,fak
3392,fal
3393,fam
3394,fan
3395,fao
3396,fap
3397,faq
3398,far
3399,fas
3400,fat
3401,fau
3402,fav
3403,faw
3404,fax
3405,fay
3406,faz
3407,fba
3408,fbb
3409,fbc
3410,fbd
3411,fbe
3412,fbf
3413,fbg
3414,fbh
3415,fbi
3416,fbj
3417,fbk
3418,fbl
3419,fbm
3420,fbn
3421,fbo
3422,fbp
3423,fbq
3424,fbr
3425,fbs
3426,fbt
3427,fbu
3428,fbv
3429,fbw
3430,fbx
3431,fby
3432,fbz
3433,fca
3434,fcb
3435,fcc
3436,fcd
3437,fce
3438,fcf
3439,fcg
3440,fch
3441,fci
3442,fcj
3443,fck
3444,fcl
3445,fcm
3446,fcn
3447,fco
3448,fcp
3449,fcq
3450,fcr
3451,fcs
3452,fct
3453,fcu
3454,fcv
3455,fcw
3456,fcx
3457,fcy
3458,fcz
3459,fda
3460,fdb
3461,fdc
3462,fdd
3463,fde
3464,fdf
3465,fdg
3466,fdh
3467,fdi
3468,fdj
3469,fdk
3470,fdl
3471,fdm
3472,fdn
3473,fdo
3474,fdp
3475,fdq
3476,fdr
3477,fds
3478,fdt
3479,fdu
3480,fdv
3481,fdw
3482,fdx
3483,fdy
3484,fdz
3485,fea
3486,feb
3487,fec
3488,fed
3489,fee
3490,fef
3491,feg
3492,feh
3493,fei
3494,fej
3495,fek
3496,fel
3497,fem
3498,fen
3499,feo
3500,fep
3501,feq
3502,fer
3503,fes
3504,fet
3505,feu
3506,fev
3507,few
3508,fex
3509,fey
3510,fez
3511,ffa
3512,ffb
3513,ffc
3514,ffd
3515,ffe
3516,fff
3517,ffg
3518,ffh
3519,ffi
3520,ffj
3521,ffk
3522,ffl
3523,ffm
3524,ffn
3525,ffo
3526,ffp
3527,ffq
3528,ffr
3529,ffs
3530,fft
3531,ffu
3532,ffv
3533,ffw
3534,ffx
3535,ffy
3536,ffz
3537,fga
3538,fgb
3539,fgc
3540,fgd
3541,fge
3542,fgf
3543,fgg
3544,fgh
3545,fgi
3546,fgj
3547,fgk
3548,fgl
3549,fgm
3550,fgn
3551,fgo
3552,fgp
3553,fgq
3554,fgr
3555,fgs
3556,fgt
3557,fgu
3558,fgv
3559,fgw
3560,fgx
3561,fgy
3562,fgz
3563,fha
3564,fhb
3565,fhc
3566,fhd
3567,fhe
3568,fhf
3569,fhg
3570,fhh
3571,fhi
3572,fhj
3573,fhk
3574,fhl
3575,fhm
3576,fhn
3577,fho
3578,fhp
3579,fhq
3580,fhr
3581,fhs
3582,fht
3583,fhu
3584,fhv
3585,fhw
3586,fhx
3587,fhy
3588,fhz
3589,fia
3590,fib
3591,fic
3592,fid
3593,fie
3594,fif
3595,fig
3596,fih
3597,fii
3598,fij
3599,fik
3600,fil
3601,fim
3602,fin
3603,fio
3604,fip
3605,fiq
3606,fir
3607,fis
3608,fit
3609,fiu
3610,fiv
3611,fiw
3612,fix
3613,fiy
3614,fiz
3615,fja
3616,fjb
3617,fjc
3618,fjd
3619,fje
3620,fjf
3621,fjg
3622,fjh
3623,fji
3624,fjj
3625,fjk
3626,fjl
3627,fjm
3628,fjn
3629,fjo
3630,fjp
3631,fjq
3632,fjr
3633,fjs
3634,fjt
3635,fju
3636,fjv
3637,fjw
3638,fjx
3639,fjy
3640,fjz
3641,fka
3642,fkb
3643,fkc
3644,fkd
3645,fke
3646,fkf
3647,fkg
3648,fkh
3649,fki
3650,fkj
3651,fkk
3652,fkl
3653,fkm
3654,fkn
3655,fko
3656,fkp
3657,fkq
3658,fkr
3659,fks
3660,fkt
3661,fku
3662,fkv
3663,fkw
3664,fkx
3665,fky
3666,fkz
3667,fla
3668,flb
3669,flc
3670,fld
3671,fle
3672,flf
3673,flg
3674,flh
3675,fli
3676,flj
3677,flk
3678,fll
3679,flm
3680,fln
3681,flo
3682,flp
3683,flq
3684,flr
3685,fls
3686,flt
3687,flu
3688,flv
3689,flw
3690,flx
3691,fly
3692,flz
3693,fma
3694,fmb
3695,fmc
3696,fmd
3697,fme
3698,fmf
3699,fmg
3700,fmh
3701,fmi
3702,fmj
3703,fmk
3704,fml
3705,fmm
3706,fmn
3707,fmo
3708,fmp
3709,fmq
3710,fmr
3711,fms
3712,fmt
3713,fmu
3714,fmv
3715,fmw
3716,fmx
3717,fmy
3718,fmz
3719,fna
3720,fnb
3721,fnc
3722,fnd
3723,fne
3724,fnf
3725,fng
3726,fnh
3727,fni
3728,fnj
3729,fnk
3730,fnl
3731,fnm
3732,fnn
3733,fno
3734,fnp
3735,fnq
3736,fnr
3737,fns
3738,fnt
3739,fnu
3740,fnv
3741,fnw
3742,fnx
3743,fny
3744,fnz
3745,foa
3746,fob
3747,foc
3748,fod
3749,foe
3750,fof
3751,fog
3752,foh
3753,foi
3754,foj
3755,fok
3756,fol
3757,fom
3758,fon
3759,foo
3760,fop
3761,foq
3762,for
3763,fos
3764,fot
3765,fou
3766,fov
3767,fow
3768,fox
3769,foy
3770,foz
3771,fpa
3772,fpb
3773,fpc
3774,fpd
3775,fpe
3776,fpf
3777,fpg
3778,fph
3779,fpi
3780,fpj
3781,fpk
3782,fpl
3783,fpm
3784,fpn
3785,fpo
3786,fpp
3787,fpq
3788,fpr
3789,fps
3790,fpt
3791,fpu
3792,fpv
3793,fpw
3794,fpx
3795,fpy
3796,fpz
3797,fqa
3798,fqb
3799,fqc
3800,fqd
3801,fqe
3802,fqf
3803,fqg
3804,fqh
3805,fqi
3806,fqj
3807,fqk
3808,fql
3809,fqm
3810,fqn
3811,fqo
3812,fqp
3813,fqq
3814,fqr
3815,fqs
3816,fqt
3817,fqu
3818,fqv
3819,fqw
3820,fqx
3821,fqy
3822,fqz
3823,fra
3824,frb
3825,frc
3826,frd
3827,fre
3828,frf
3829,frg
3830,frh
3831,fri
3832,frj
3833,frk
3834,frl
3835,frm
3836,frn
3837,fro
3838,frp
3839,frq
3840,frr
3841,frs
3842,frt
3843,fru
3844,frv
3845,frw
3846,frx
3847,fry
3848,frz
3849,fsa
3850,fsb
3851,fsc
3852,fsd
3853,fse
3854,fsf
3855,fsg
3856,fsh
3857,fsi
3858,fsj
3859,fsk
3860,fsl
3861,fsm
3862,fsn
3863,fso
3864,fsp
3865,fsq
3866,fsr
3867,fss
3868,fst
3869,fsu
3870,fsv
3871,fsw
3872,fsx
3873,fsy
3874,fsz
3875,fta
3876,ftb
3877,ftc
3878,ftd
3879,fte
3880,ftf
3881,ftg
3882,fth
3883,fti
3884,ftj
3885,ftk
3886,ftl
3887,ftm
3888,ftn
3889,fto
3890,ftp
3891,ftq
3892,ftr
3893,fts
3894,ftt
3895,ftu
3896,ftv
3897,ftw
3898,ftx
3899,fty
3900,ftz
3901,fua
3902,fub
3903,fuc
3904,fud
3905,fue
3906,fuf
3907,fug
3908,fuh
3909,fui
3910,fuj
3911,fuk
3912,ful
3913,fum
3914,fun
3915,fuo
3916,fup
3917,fuq
3918,fur
3919,fus
3920,fut
3921,fuu
3922,fuv
3923,fuw
3924,fux
3925,fuy
3926,fuz
3927,fva
3928,fvb
3929,fvc
3930,fvd
3931,fve
3932,fvf
3933,fvg
3934,fvh
3935,fvi
3936,fvj
3937,fvk
3938,fvl
3939,fvm
3940,fvn
3941,fvo
3942,fvp
3943,fvq
3944,fvr
3945,fvs
3946,fvt
3947,fvu
3948,fvv
3949,fvw
3950,fvx
3951,fvy
3952,fvz
3953,fwa
3954,fwb
3955,fwc
3956,fwd
3957,fwe
3958,fwf
3959,fwg
3960,fwh
3961,fwi
3962,fwj
3963,fwk
3964,fwl
3965,fwm
3966,fwn
3967,fwo
3968,fwp
3969,fwq
3970,fwr
3971,fws
3972,fwt
3973,fwu
3974,fwv
3975,fww
3976,fwx
3977,fwy
3978,fwz
3979,fxa
3980,fxb
3981,fxc
3982,fxd
3983,fxe
3984,fxf
3985,fxg
3986,fxh
3987,fxi
3988,fxj
3989,fxk
3990,fxl
3991,fxm
3992,fxn
3993,fxo
3994,fxp
3995,fxq
3996,fxr
3997,fxs
3998,fxt
3999,fxu
4000,fxv
4001,fxw
4002,fxx
4003,fxy
4004,fxz
4005,fya
4006,fyb
4007,fyc
4008,fyd
4009,fye
4010,fyf
4011,fyg
4012,fyh
4013,fyi
4014,fyj
4015,fyk
4016,fyl
4017,fym
4018,fyn
4019,fyo
4020,fyp
4021,fyq
4022,fyr
4023,fys
4024,fyt
4025,fyu
4026,fyv
4027,fyw
4028,fyx
4029,fyy
4030,fyz
4031,fza
4032,fzb
4033,fzc
4034,fzd
4035,fze
4036,fzf
4037,fzg
4038,fzh
4039,fzi
4040,fzj
4041,fzk
4042,fzl
4043,fzm
4044,fzn
4045,fzo
4046,fzp
4047,fzq
4048,fzr
4049,fzs
4050,fzt
4051,fzu
4052,fzv
4053,fzw
4054,fzx
4055,fzy
4056,fzz
4057,gaa
4058,gab
4059,gac
4060,gad
4061,gae
4062,gaf
4063,gag
4064,gah
4065,gai
4066,gaj
4067,gak
4068,gal
4069,gam
4070,gan
4071,gao
4072,gap
4073,gaq
4074,gar
4075,gas
4076,gat
4077,gau
4078,gav
4079,gaw
4080,gax
4081,gay
4082,gaz
4083,gba
4084,gbb
4085,gbc
4086,gbd
4087,gbe
4088,gbf
4089,gbg
4090,gbh
4091,gbi
4092,gbj
4093,gbk
4094,gbl
4095,gbm
4096,gbn
4097,gbo
4098,gbp
4099,gbq
4100,gbr
4101,gbs
4102,gbt
4103,gbu
4104,gbv
4105,gbw
4106,gbx
4107,gby
4108,gbz
4109,gca
4110,gcb
4111,gcc
4112,gcd
4113,gce
4114,gcf
4115,gcg
4116,gch
4117,gci
4118,gcj
4119,gck
4120,gcl
4121,gcm
4122,gcn
4123,gco
4124,gcp
4125,gcq
4126,gcr
4127,gcs
4128,gct
4129,gcu
4130,gcv
4131,gcw
4132,gcx
4133,gcy
4134,gcz
4135,gda
4136,gdb
4137,gdc
4138,gdd
4139,gde
4140,gdf
4141,gdg
4142,gdh
4143,gdi
4144,gdj
4145,gdk
4146,gdl
4147,gdm
4148,gdn
4149,gdo
4150,gdp
4151,gdq
4152,gdr
4153,gds
4154,gdt
4155,gdu
4156,gdv
4157,gdw
4158,gdx
4159,gdy
4160,gdz
4161,gea
4162,geb
4163,gec
4164,ged
4165,gee
4166,gef
4167,geg
4168,geh
4169,gei
4170,gej
4171,gek
4172,gel
4173,gem
4174,gen
4175,geo
4176,gep
4177,geq
4178,ger
4179,ges
4180,get
4181,geu
4182,gev
4183,gew
4184,gex
4185,gey
4186,gez
4187,gfa
4188,gfb
4189,gfc
4190,gfd
4191,gfe
4192,gff
4193,gfg
4194,gfh
4195,gfi
4196,gfj
4197,gfk
4198,gfl
4199,gfm
4200,gfn
4201,gfo
4202,gfp
4203,gfq
4204,gfr
4205,gfs
4206,gft
4207,gfu
4208,gfv
4209,gfw
4210,gfx
4211,gfy
4212,gfz
4213,gga
4214,ggb
4215,ggc
4216,ggd
4217,gge
4218,ggf
4219,ggg
4220,ggh
4221,ggi
4222,ggj
4223,ggk
4224,ggl
4225,ggm
4226,ggn
4227,ggo
4228,ggp
4229,ggq
4230,ggr
4231,ggs
4232,ggt
4233,ggu
4234,ggv
4235,ggw
4236,ggx
4237,ggy
4238,ggz
4239,gha
4240,ghb
4241,ghc
4242,ghd
4243,ghe
4244,ghf
4245,ghg
4246,ghh
4247,ghi
4248,ghj
4249,ghk
4250,ghl
4251,ghm
4252,ghn
4253,gho
4254,ghp
4255,ghq
4256,ghr
4257,ghs
4258,ght
4259,ghu
4260,ghv
4261,ghw
4262,ghx
4263,ghy
4264,ghz
4265,gia
4266,gib
4267,gic
4268,gid
4269,gie
4270,gif
4271,gig
4272,gih
4273,gii
4274,gij
4275,gik
4276,gil
4277,gim
4278,gin
4279,gio
4280,gip
4281,giq
4282,gir
4283,gis
4284,git
4285,giu
4286,giv
4287,giw
4288,gix
4289,giy
4290,giz
4291,gja
4292,gjb
4293,gjc
4294,gjd
4295,gje
4296,gjf
4297,gjg
4298,gjh
4299,gji
4300,gjj
4301,gjk
4302,gjl
4303,gjm
4304,gjn
4305,gjo
4306,gjp
4307,gjq
4308,gjr
4309,gjs
4310,gjt
4311,gju
4312,gjv
4313,gjw
4314,gjx
4315,gjy
4316,gjz
4317,gka
4318,gkb
4319,gkc
4320,gkd
4321,gke
4322,gkf
4323,gkg
4324,gkh
4325,gki
4326,gkj
4327,gkk
4328,gkl
4329,gkm
4330,gkn
4331,gko
4332,gkp
4333,gkq
4334,gkr
4335,gks
4336,gkt
4337,gku
4338,gkv
4339,gkw
4340,gkx
4341,gky
4342,gkz
4343,gla
4344,glb
4345,glc
4346,gld
4347,gle
4348,glf
4349,glg
4350,glh
4351,gli
4352,glj
4353,glk
4354,gll
4355,glm
4356,gln
4357,glo
4358,glp
4359,glq
4360,glr
4361,gls
4362,glt
4363,glu
4364,glv
4365,glw
4366,glx
4367,gly
4368,glz
4369,gma
4370,gmb
4371,gmc
4372,gmd
4373,gme
4374,gmf
4375,gmg
4376,gmh
4377,gmi
4378,gmj
4379,gmk
4380,gml
4381,gmm
4382,gmn
4383,gmo
4384,gmp
4385,gmq
4386,gmr
4387,gms
4388,gmt
4389,gmu
4390,gmv
4391,gmw
4392,gmx
4393,gmy
4394,gmz
4395,gna
4396,gnb
4397,gnc
4398,gnd
4399,gne
4400,gnf
4401,gng
4402,gnh
4403,gni
4404,gnj
4405,gnk
4406,gnl
4407,gnm
4408,gnn
4409,gno
4410,gnp
4411,gnq
4412,gnr
4413,gns
4414,gnt
4415,gnu
4416,gnv
4417,gnw
4418,gnx
4419,gny
4420,gnz
4421,goa
4422,gob
4423,goc
4424,god
4425,goe
4426,gof
4427,gog
4428,goh
4429,goi
4430,goj
4431,gok
4432,gol
4433,gom
4434,gon
4435,goo
4436,gop
4437,goq
4438,gor
4439,gos
4440,got
4441,gou
4442,gov
4443,gow
4444,gox
4445,goy
4446,goz
4447,gpa
4448,gpb
4449,gpc
4450,gpd
4451,gpe
4452,gpf
4453,gpg
4454,gph
4455,gpi
4456,gpj
4457,gpk
4458,gpl
4459,gpm
4460,gpn
4461,gpo
4462,gpp
4463,gpq
4464,gpr
4465,gps
4466,gpt
4467,gpu
4468,gpv
4469,gpw
4470,gpx
4471,gpy
4472,gpz
4473,gqa
4474,gqb
4475,gqc
4476,gqd
4477,gqe
4478,gqf
4479,gqg
4480,gqh
4481,gqi
4482,gqj
4483,gqk
4484,gql
4485,gqm
4486,gqn
4487,gqo
4488,gqp
4489,gqq
4490,gqr
4491,gqs
4492,gqt
4493,gqu
4494,gqv
4495,gqw
4496,gqx
4497,gqy
4498,gqz
4499,gra
4500,grb
4501,grc
4502,grd
4503,gre
4504,grf
4505,grg
4506,grh
4507,gri
4508,grj
4509,grk
4510,grl
4511,grm
4512,grn
4513,gro
4514,grp
4515,grq
4516,grr
4517,grs
4518,grt
4519,gru
4520,grv
4521,grw
4522,grx
4523,gry
4524,grz
4525,gsa
4526,gsb
4527,gsc
4528,gsd
4529,gse
4530,gsf
4531,gsg
4532,gsh
4533,gsi
4534,gsj
4535,gsk
4536,gsl
4537,gsm
4538,gsn
4539,gso
4540,gsp
4541,gsq
4542,gsr
4543,gss
4544,gst
4545,gsu
4546,gsv
4547,gsw
4548,gsx
4549,gsy
4550,gsz
4551,gta
4552,gtb
4553,gtc
4554,gtd
4555,gte
4556,gtf
4557,gtg
4558,gth
4559,gti
4560,gtj
4561,gtk
4562,gtl
4563,gtm
4564,gtn
4565,gto
4566,gtp
4567,gtq
4568,gtr
4569,gts
4570,gtt
4571,gtu
4572,gtv
4573,gtw
4574,gtx
4575,gty
4576,gtz
4577,gua
4578,gub
4579,guc
4580,gud
4581,gue
4582,guf
4583,gug
4584,guh
4585,gui
4586,guj
4587,guk
4588,gul
4589,gum
4590,gun
4591,guo
4592,gup
4593,guq
4594,gur
4595,gus
4596,gut
4597,guu
4598,guv
4599,guw
4600,gux
4601,guy
4602,guz
4603,gva
4604,gvb
4605,gvc
4606,gvd
4607,gve
4608,gvf
4609,gvg
4610,gvh
4611,gvi
4612,gvj
4613,gvk
4614,gvl
4615,gvm
4616,gvn
4617,gvo
4618,gvp
4619,gvq
4620,gvr
4621,gvs
4622,gvt
4623,gvu
4624,gvv
4625,gvw
4626,gvx
4627,gvy
4628,gvz
4629,gwa
4630,gwb
4631,gwc
4632,gwd
4633,gwe
4634,gwf
4635,gwg
4636,gwh
4637,gwi
4638,gwj
4639,gwk
4640,gwl
4641,gwm
4642,gwn
4643,gwo
4644,gwp
4645,gwq
4646,gwr
4647,gws
4648,gwt
4649,gwu
4650,gwv
4651,gww
4652,gwx
4653,gwy
4654,gwz
4655,gxa
4656,gxb
4657,gxc
4658,gxd
4659,gxe
4660,gxf
4661,gxg
4662,gxh
4663,gxi
4664,gxj
4665,gxk
4666,gxl
4667,gxm
4668,gxn
4669,gxo
4670,gxp
4671,gxq
4672,gxr
4673,gxs
4674,gxt
4675,gxu
4676,gxv
4677,gxw
4678,gxx
4679,gxy
4680,gxz
4681,gya
4682,gyb
4683,gyc
4684,gyd
4685,gye
4686,gyf
4687,gyg
4688,gyh
4689,gyi
4690,gyj
4691,gyk
4692,gyl
4693,gym
4694,gyn
4695,gyo
4696,gyp
4697,gyq
4698,gyr
4699,gys
4700,gyt
4701,gyu
4702,gyv
4703,gyw
4704,gyx
4705,gyy
4706,gyz
4707,gza
4708,gzb
4709,gzc
4710,gzd
4711,gze
4712,gzf
4713,gzg
4714,gzh
4715,gzi
4716,gzj
4717,gzk
4718,gzl
4719,gzm
4720,gzn
4721,gzo
4722,gzp
4723,gzq
4724,gzr
4725,gzs
4726,gzt
4727,gzu
4728,gzv
4729,gzw
4730,gzx
4731,gzy
4732,gzz
4733,haa
4734,hab
4735,hac
4736,had
4737,hae
4738,haf
4739,hag
4740,hah
4741,hai
4742,haj
4743,hak
4744,hal
4745,ham
4746,han
4747,hao
4748,hap
4749,haq
4750,har
4751,has
4752,hat
4753,hau
4754,hav
4755,haw
4756,hax
4757,hay
4758,haz
4759,hba
4760,hbb
4761,hbc
4762,hbd
4763,hbe
4764,hbf
4765,hbg
4766,hbh
4767,hbi
4768,hbj
4769,hbk
4770,hbl
4771,hbm
4772,hbn
4773,hbo
4774,hbp
4775,hbq
4776,hbr
4777,hbs
4778,hbt
4779,hbu
4780,hbv
4781,hbw
4782,hbx
4783,hby
4784,hbz
4785,hca
4786,hcb
4787,hcc
4788,hcd
4789,hce
4790,hcf
4791,hcg
4792,hch
4793,hci
4794,hcj
4795,hck
4796,hcl
4797,hcm
4798,hcn
4799,hco
4800,hcp
4801,hcq
4802,hcr
4803,hcs
4804,hct
4805,hcu
4806,hcv
4807,hcw
4808,hcx
4809,hcy
4810,hcz
4811,hda
4812,hdb
4813,hdc
4814,hdd
4815,hde
4816,hdf
4817,hdg
4818,hdh
4819,hdi
4820,hdj
4821,hdk
4822,hdl
4823,hdm
4824,hdn
4825,hdo
4826,hdp
4827,hdq
4828,hdr
4829,hds
4830,hdt
4831,hdu
4832,hdv
4833,hdw
4834,hdx
4835,hdy
4836,hdz
4837,hea
4838,heb
4839,hec
4840,hed
4841,hee
4842,hef
4843,heg
4844,heh
4845,hei
4846,hej
4847,hek
4848,hel
4849,hem
4850,hen
4851,heo
4852,hep
4853,heq
4854,her
4855,hes
4856,het
4857,heu
4858,hev
4859,hew
4860,hex
4861,hey
4862,hez
4863,hfa
4864,hfb
4865,hfc
4866,hfd
4867,hfe
4868,hff
4869,hfg
4870,hfh
4871,hfi
4872,hfj
4873,hfk
4874,hfl
4875,hfm
4876,hfn
4877,hfo
4878,hfp
4879,hfq
4880,hfr
4881,hfs
4882,hft
4883,hfu
4884,hfv
4885,hfw
4886,hfx
4887,hfy
4888,hfz
4889,hga
4890,hgb
4891,hgc
4892,hgd
4893,hge
4894,hgf
4895,hgg
4896,hgh
4897,hgi
4898,hgj
4899,hgk
4900,hgl
4901,hgm
4902,hgn
4903,hgo
4904,hgp
4905,hgq
4906,hgr
4907,hgs
4908,hgt
4909,hgu
4910,hgv
4911,hgw
4912,hgx
4913,hgy
4914,hgz
4915,hha
4916,hhb
4917,hhc
4918,hhd
4919,hhe
4920,hhf
4921,hhg
4922,hhh
4923,hhi
4924,hhj
4925,hhk
4926,hhl
4927,hhm
4928,hhn
4929,hho
4930,hhp
4931,hhq
4932,hhr
4933,hhs
4934,hht
4935,hhu
4936,hhv
4937,hhw
4938,hhx
4939,hhy
4940,hhz
4941,hia
4942,hib
4943,hic
4944,hid
4945,hie
4946,hif
4947,hig
4948,hih
4949,hii
4950,hij
4951,hik
4952,hil
4953,him
4954,hin
4955,hio
4956,hip
4957,hiq
4958,hir
4959,his
4960,hit
4961,hiu
4962,hiv
4963,hiw
4964,hix
4965,hiy
4966,hiz
4967,hja
4968,hjb
4969,hjc
4970,hjd
4971,hje
4972,hjf
4973,hjg
4974,hjh
4975,hji
4976,hjj
4977,hjk
4978,hjl
4979,hjm
4980,hjn
4981,hjo
4982,hjp
4983,hjq
4984,hjr
4985,hjs
4986,hjt
4987,hju
4988,hjv
4989,hjw
4990,hjx
4991,hjy
4992,hjz
4993,hka
4994,hkb
4995,hkc
4996,hkd
4997,hke
4998,hkf
4999,hkg
5000,hkh
5001,hki
5002,hkj
5003,hkk
5004,hkl
5005,hkm
5006,hkn
5007,hko
5008,hkp
5009,hkq
5010,hkr
5011,hks
5012,hkt
5013,hku
5014,hkv
5015,hkw
5016,hkx
5017,hky
5018,hkz
5019,hla
5020,hlb
5021,hlc
5022,hld
5023,hle
5024,hlf
5025,hlg
5026,hlh
5027,hli
5028,hlj
5029,hlk
5030,hll
5031,hlm
5032,hln
5033,hlo
5034,hlp
5035,hlq
5036,hlr
5037,hls
5038,hlt
5039,hlu
5040,hlv
5041,hlw
5042,hlx
5043,hly
5044,hlz
5045,hma
5046,hmb
5047,hmc
5048,hmd
5049,hme
5050,hmf
5051,hmg
5052,hmh
5053,hmi
5054,hmj
5055,hmk
5056,hml
5057,hmm
5058,hmn
5059,hmo
5060,hmp
5061,hmq
5062,hmr
5063,hms
5064,hmt
5065,hmu
5066,hmv
5067,hmw
5068,hmx
5069,hmy
5070,hmz
5071,hna
5072,hnb
5073,hnc
5074,hnd
5075,hne
5076,hnf
5077,hng
5078,hnh
5079,hni
5080,hnj
5081,hnk
5082,hnl
5083,hnm
5084,hnn
5085,hno
5086,hnp
5087,hnq
5088,hnr
5089,hns
5090,hnt
5091,hnu
5092,hnv
5093,hnw
5094,hnx
5095,hny
5096,hnz
5097,hoa
5098,hob
5099,hoc
5100,hod
5101,hoe
5102,hof
5103,hog
5104,hoh
5105,hoi
5106,hoj
5107,hok
5108,hol
5109,hom
5110,hon
5111,hoo
5112,hop
5113,hoq
5114,hor
5115,hos
5116,hot
5117,hou
5118,hov
5119,how
5120,hox
5121,hoy
5122,hoz
5123,hpa
5124,hpb
5125,hpc
5126,hpd
5127,hpe
5128,hpf
5129,hpg
5130,hph
5131,hpi
5132,hpj
5133,hpk
5134,hpl
5135,hpm
5136,hpn
5137,hpo
5138,hpp
5139,hpq
5140,hpr
5141,hps
5142,hpt
5143,hpu
5144,hpv
5145,hpw
5146,hpx
5147,hpy
5148,hpz
5149,hqa
5150,hqb
5151,hqc
5152,hqd
5153,hqe
5154,hqf
5155,hqg
5156,hqh
5157,hqi
5158,hqj
5159,hqk
5160,hql
5161,hqm
5162,hqn
5163,hqo
5164,hqp
5165,hqq
5166,hqr
5167,hqs
5168,hqt
5169,hqu
5170,hqv
5171,hqw
5172,hqx
5173,hqy
5174,hqz
5175,hra
5176,hrb
5177,hrc
5178,hrd
5179,hre
5180,hrf
5181,hrg
5182,hrh
5183,hri
5184,hrj
5185,hrk
5186,hrl
5187,hrm
5188,hrn
5189,hro
5190,hrp
5191,hrq
5192,hrr
5193,hrs
5194,hrt
5195,hru
5196,hrv
5197,hrw
5198,hrx
5199,hry
5200,hrz
5201,hsa
5202,hsb
5203,hsc
5204,hsd
5205,hse
5206,hsf
5207,hsg
5208,hsh
5209,hsi
5210,hsj
5211,hsk
5212,hsl
5213,hsm
5214,hsn
5215,hso
5216,hsp
5217,hsq
5218,hsr
5219,hss
5220,hst
5221,hsu
5222,hsv
5223,hsw
5224,hsx
5225,hsy
5226,hsz
5227,hta
5228,htb
5229,htc
5230,htd
5231,hte
5232,htf
5233,htg
5234,hth
5235,hti
5236,htj
5237,htk
5238,htl
5239,htm
5240,htn
5241,hto
5242,htp
5243,htq
5244,htr
5245,hts
5246,htt
5247,htu
5248,htv
5249,htw
5250,htx
5251,hty
5252,htz
5253,hua
5254,hub
5255,huc
5256,hud
5257,hue
5258,huf
5259,hug
5260,huh
5261,hui
5262,huj
5263,huk
5264,hul
5265,hum
5266,hun
5267,huo
5268,hup
5269,huq
5270,hur
5271,hus
5272,hut
5273,huu
5274,huv
5275,huw
5276,hux
5277,huy
5278,huz
5279,hva
5280,hvb
5281,hvc
5282,hvd
5283,hve
5284,hvf
5285,hvg
5286,hvh
5287,hvi
5288,hvj
5289,hvk
5290,hvl
5291,hvm
5292,hvn
5293,hvo
5294,hvp
5295,hvq
5296,hvr
5297,hvs
5298,hvt
5299,hvu
5300,hvv
5301,hvw
5302,hvx
5303,hvy
5304,hvz
5305,hwa
5306,hwb
5307,hwc
5308,hwd
5309,hwe
5310,hwf
5311,hwg
5312,hwh
5313,hwi
5314,hwj
5315,hwk
5316,hwl
5317,hwm
5318,hwn
5319,hwo
5320,hwp
5321,hwq
5322,hwr
5323,hws
5324,hwt
5325,hwu
5326,hwv
5327,hww
5328,hwx
5329,hwy
5330,hwz
5331,hxa
5332,hxb
5333,hxc
5334,hxd
5335,hxe
5336,hxf
5337,hxg
5338,hxh
5339,hxi
5340,hxj
5341,hxk
5342,hxl
5343,hxm
5344,hxn
5345,hxo
5346,hxp
5347,hxq
5348,hxr
5349,hxs
5350,hxt
5351,hxu
5352,hxv
5353,hxw
5354,hxx
5355,hxy
5356,hxz
5357,hya
5358,hyb
5359,hyc
5360,hyd
5361,hye
5362,hyf
5363,hyg
5364,hyh
5365,hyi
5366,hyj
5367,hyk
5368,hyl
5369,hym
5370,hyn
5371,hyo
5372,hyp
5373,hyq
5374,hyr
5375,hys
5376,hyt
5377,hyu
5378,hyv
5379,hyw
5380,hyx
5381,hyy
5382,hyz
5383,hza
5384,hzb
5385,hzc
5386,hzd
5387,hze
5388,hzf
5389,hzg
5390,hzh
5391,hzi
5392,hzj
5393,hzk
5394,hzl
5395,hzm
5396,hzn
5397,hzo
5398,hzp
5399,hzq
5400,hzr
5401,hzs
5402,hzt
5403,hzu
5404,hzv
5405,hzw
5406,hzx
5407,hzy
5408,hzz
5409,iaa
5410,iab
5411,iac
5412,iad
5413,iae
5414,iaf
5415,iag
5416,iah
5417,iai
5418,iaj
5419,iak
5420,ial
5421,iam
5422,ian
5423,iao
5424,iap
5425,iaq
5426,iar
5427,ias
5428,iat
5429,iau
5430,iav
5431,iaw
5432,iax
5433,iay
5434,iaz
5435,iba
5436,ibb
5437,ibc
5438,ibd
5439,ibe
5440,ibf
5441,ibg
5442,ibh
5443,ibi
5444,ibj
5445,ibk
5446,ibl
5447,ibm
5448,ibn
5449,ibo
5450,ibp
5451,ibq
5452,ibr
5453,ibs
5454,ibt
5455,ibu
5456,ibv
5457,ibw
5458,ibx
5459,iby
5460,ibz
5461,ica
5462,icb
5463,icc
5464,icd
5465,ice
5466,icf
5467,icg
5468,ich
5469,ici
5470,icj
5471,ick
5472,icl
5473,icm
5474,icn
5475,ico
5476,icp
5477,icq
5478,icr
5479,ics
5480,ict
5481,icu
5482,icv
5483,icw
5484,icx
5485,icy
5486,icz
5487,ida
5488,idb
5489,idc
5490,idd
5491,ide
5492,idf
5493,idg
5494,idh
5495,idi
5496,idj
5497,idk
5498,idl
5499,idm
5500,idn
5501,ido
5502,idp
5503,idq
5504,idr
5505,ids
5506,idt
5507,idu
5508,idv
5509,idw
5510,idx
5511,idy
5512,idz
5513,iea
5514,ieb
5515,iec
5516,ied
5517,iee
5518,ief
5519,ieg
5520,ieh
5521,iei
5522,iej
5523,iek
5524,iel
5525,iem
5526,ien
5527,ieo
5528,iep
5529,ieq
5530,ier
5531,ies
5532,iet
5533,ieu
5534,iev
5535,iew
5536,iex
5537,iey
5538,iez
5539,ifa
5540,ifb
5541,ifc
5542,ifd
5543,ife
5544,iff
5545,ifg
5546,ifh
5547,ifi
5548,ifj
5549,ifk
5550,ifl
5551,ifm
5552,ifn
5553,ifo
5554,ifp
5555,ifq
5556,ifr
5557,ifs
5558,ift
5559,ifu
5560,ifv
5561,ifw
5562,ifx
5563,ify
5564,ifz
5565,iga
5566,igb
5567,igc
5568,igd
5569,ige
5570,igf
5571,igg
5572,igh
5573,igi
5574,igj
5575,igk
5576,igl
5577,igm
5578,ign
5579,igo
5580,igp
5581,igq
5582,igr
5583,igs
5584,igt
5585,igu
5586,igv
5587,igw
5588,igx
5589,igy
5590,igz
5591,iha
5592,ihb
5593,ihc
5594,ihd
5595,ihe
5596,ihf
5597,ihg
5598,ihh
5599,ihi
5600,ihj
5601,ihk
5602,ihl
5603,ihm
5604,ihn
5605,iho
5606,ihp
5607,ihq
5608,ihr
5609,ihs
5610,iht
5611,ihu
5612,ihv
5613,ihw
5614,ihx
5615,ihy
5616,ihz
5617,iia
5618,iib
5619,iic
5620,iid
5621,iie
5622,iif
5623,iig
5624,iih
5625,iii
5626,iij
5627,iik
5628,iil
5629,iim
5630,iin
5631,iio
5632,iip
5633,iiq
5634,iir
5635,iis
5636,iit
5637,iiu
5638,iiv
5639,iiw
5640,iix
5641,iiy
5642,iiz
5643,ija
5644,ijb
5645,ijc
5646,ijd
5647,ije
5648,ijf
5649,ijg
5650,ijh
5651,iji
5652,ijj
5653,ijk
5654,ijl
5655,ijm
5656,ijn
5657,ijo
5658,ijp
5659,ijq
5660,ijr
5661,ijs
5662,ijt
5663,iju
5664,ijv
5665,ijw
5666,ijx
5667,ijy
5668,ijz
5669,ika
5670,ikb
5671,ikc
5672,ikd
5673,ike
5674,ikf
5675,ikg
5676,ikh
5677,iki
5678,ikj
5679,ikk
5680,ikl
5681,ikm
5682,ikn
5683,iko
5684,ikp
5685,ikq
5686,ikr
5687,iks
5688,ikt
5689,iku
5690,ikv
5691,ikw
5692,ikx
5693,iky
5694,ikz
5695,ila
5696,ilb
5697,ilc
5698,ild
5699,ile
5700,ilf
5701,ilg
5702,ilh
5703,ili
5704,ilj
5705,ilk
5706,ill
5707,ilm
5708,iln
5709,ilo
5710,ilp
5711,ilq
5712,ilr
5713,ils
5714,ilt
5715,ilu
5716,ilv
5717,ilw
5718,ilx
5719,ily
5720,ilz
5721,ima
5722,imb
5723,imc
5724,imd
5725,ime
5726,imf
5727,img
5728,imh
5729,imi
5730,imj
5731,imk
5732,iml
5733,imm
5734,imn
5735,imo
5736,imp
5737,imq
5738,imr
5739,ims
5740,imt
5741,imu
5742,imv
5743,imw
5744,imx
5745,imy
5746,imz
5747,ina
5748,inb
5749,inc
5750,ind
5751,ine
5752,inf
5753,ing
5754,inh
5755,ini
5756,inj
5757,ink
5758,inl
5759,inm
5760,inn
5761,ino
5762,inp
5763,inq
5764,inr
5765,ins
5766,int
5767,inu
5768,inv
5769,inw
5770,inx
5771,iny
5772,inz
5773,ioa
5774,iob
5775,ioc
5776,iod
5777,ioe
5778,iof
5779,iog
5780,ioh
5781,ioi
5782,ioj
5783,iok
5784,iol
5785,iom
5786,ion
5787,ioo
5788,iop
5789,ioq
5790,ior
5791,ios
5792,iot
5793,iou
5794,iov
5795,iow
5796,iox
5797,ioy
5798,ioz
5799,ipa
5800,ipb
5801,ipc
5802,ipd
5803,ipe
5804,ipf
5805,ipg
5806,iph
5807,ipi
5808,ipj
5809,ipk
5810,ipl
5811,ipm
5812,ipn
5813,ipo
5814,ipp
5815,ipq
5816,ipr
5817,ips
5818,ipt
5819,ipu
5820,ipv
5821,ipw
5822,ipx
5823,ipy
5824,ipz
5825,iqa
5826,iqb
5827,iqc
5828,iqd
5829,iqe
5830,iqf
5831,iqg
5832,iqh
5833,iqi
5834,iqj
5835,iqk
5836,iql
5837,iqm
5838,iqn
5839,iqo
5840,iqp
5841,iqq
5842,iqr
5843,iqs
5844,iqt
5845,iqu
5846,iqv
5847,iqw
5848,iqx
5849,iqy
5850,iqz
5851,ira
5852,irb
5853,irc
5854,ird
5855,ire
5856,irf
5857,irg
5858,irh
5859,iri
5860,irj
5861,irk
5862,irl
5863,irm
5864,irn
5865,iro
5866,irp
5867,irq
5868,irr
5869,irs
5870,irt
5871,iru
5872,irv
5873,irw
5874,irx
5875,iry
5876,irz
5877,isa
5878,isb
5879,isc
5880,isd
5881,ise
5882,isf
5883,isg
5884,ish
5885,isi
5886,isj
5887,isk
5888,isl
5889,ism
5890,isn
5891,iso
5892,isp
5893,isq
5894,isr
5895,iss
5896,ist
5897,isu
5898,isv
5899,isw
5900,isx
5901,isy
5902,isz
5903,ita
5904,itb
5905,itc
5906,itd
5907,ite
5908,itf
5909,itg
5910,ith
5911,iti
5912,itj
5913,itk
5914,itl
5915,itm
5916,itn
5917,ito
5918,itp
5919,itq
5920,itr
5921,its
5922,itt
5923,itu
5924,itv
5925,itw
5926,itx
5927,ity
5928,itz
5929,iua
5930,iub
5931,iuc
5932,iud
5933,iue
5934,iuf
5935,iug
5936,iuh
5937,iui
5938,iuj
5939,iuk
5940,iul
5941,ium
5942,iun
5943,iuo
5944,iup
5945,iuq
5946,iur
5947,ius
5948,iut
5949,iuu
5950,iuv
5951,iuw
5952,iux
5953,iuy
5954,iuz
5955,iva
5956,ivb
5957,ivc
5958,ivd
5959,ive
5960,ivf
5961,ivg
5962,ivh
5963,ivi
5964,ivj
5965,ivk
5966,ivl
5967,ivm
5968,ivn
5969,ivo
5970,ivp
5971,ivq
5972,ivr
5973,ivs
5974,ivt
5975,ivu
5976,ivv
5977,ivw
5978,ivx
5979,ivy
5980,ivz
5981,iwa
5982,iwb
5983,iwc
5984,iwd
5985,iwe
5986,iwf
5987,iwg
5988,iwh
5989,iwi
5990,iwj
5991,iwk
5992,iwl
5993,iwm
5994,iwn
5995,iwo
5996,iwp
5997,iwq
5998,iwr
5999,iws
6000,iwt
6001,iwu
6002,iwv
6003,iww
6004,iwx
6005,iwy
6006,iwz
6007,ixa
6008,ixb
6009,ixc
6010,ixd
6011,ixe
6012,ixf
6013,ixg
6014,ixh
6015,ixi
6016,ixj
6017,ixk
6018,ixl
6019,ixm
6020,ixn
6021,ixo
6022,ixp
6023,ixq
6024,ixr
6025,ixs
6026,ixt
6027,ixu
6028,ixv
6029,ixw
6030,ixx
6031,ixy
6032,ixz
6033,iya
6034,iyb
6035,iyc
6036,iyd
6037,iye
6038,iyf
6039,iyg
6040,iyh
6041,iyi
6042,iyj
6043,iyk
6044,iyl
6045,iym
6046,iyn
6047,iyo
6048,iyp
6049,iyq
6050,iyr
6051,iys
6052,iyt
6053,iyu
6054,iyv
6055,iyw
6056,iyx
6057,iyy
6058,iyz
6059,iza
6060,izb
6061,izc
6062,izd
6063,ize
6064,izf
6065,izg
6066,izh
6067,izi
6068,izj
6069,izk
6070,izl
6071,izm
6072,izn
6073,izo
6074,izp
6075,izq
6076,izr
6077,izs
6078,izt
6079,izu
6080,izv
6081,izw
6082,izx
6083,izy
6084,izz
6085,jaa
6086,jab
6087,jac
6088,jad
6089,jae
6090,jaf
6091,jag
6092,jah
6093,jai
6094,jaj
6095,jak
6096,jal
6097,jam
6098,jan
6099,jao
6100,jap
6101,jaq
6102,jar
6103,jas
6104,jat
6105,jau
6106,jav
6107,jaw
6108,jax
6109,jay
6110,jaz
6111,jba
6112,jbb
6113,jbc
6114,jbd
6115,jbe
6116,jbf
6117,jbg
6118,jbh
6119,jbi
6120,jbj
6121,jbk
6122,jbl
6123,jbm
6124,jbn
6125,jbo
6126,jbp
6127,jbq
6128,jbr
6129,jbs
6130,jbt
6131,jbu
6132,jbv
6133,jbw
6134,jbx
6135,jby
6136,jbz
6137,jca
6138,jcb
6139,jcc
6140,jcd
6141,jce
6142,jcf
6143,jcg
6144,jch
6145,jci
6146,jcj
6147,jck
6148,jcl
6149,jcm
6150,jcn
6151,jco
6152,jcp
6153,jcq
6154,jcr
6155,jcs
6156,jct
6157,jcu
6158,jcv
6159,jcw
6160,jcx
6161,jcy
6162,jcz
6163,jda
6164,jdb
6165,jdc
6166,jdd
6167,jde
6168,jdf
6169,jdg
6170,jdh
6171,jdi
6172,jdj
6173,jdk
6174,jdl
6175,jdm
6176,jdn
6177,jdo
6178,jdp
6179,jdq
6180,jdr
6181,jds
6182,jdt
6183,jdu
6184,jdv
6185,jdw
6186,jdx
6187,jdy
6188,jdz
6189,jea
6190,jeb
6191,jec
6192,jed
6193,jee
6194,jef
6195,jeg
6196,jeh
6197,jei
6198,jej
6199,jek
6200,jel
6201,jem
6202,jen
6203,jeo
6204,jep
6205,jeq
6206,jer
6207,jes
6208,jet
6209,jeu
6210,jev
6211,jew
6212,jex
6213,jey
6214,jez
6215,jfa
6216,jfb
6217,jfc
6218,jfd
6219,jfe
6220,jff
6221,jfg
6222,jfh
6223,jfi
6224,jfj
6225,jfk
6226,jfl
6227,jfm
6228,jfn
6229,jfo
6230,jfp
6231,jfq
6232,jfr
6233,jfs
6234,jft
6235,jfu
6236,jfv
6237,jfw
6238,jfx
6239,jfy
6240,jfz
6241,jga
6242,jgb
6243,jgc
6244,jgd
6245,jge
6246,jgf
6247,jgg
6248,jgh
6249,jgi
6250,jgj
6251,jgk
6252,jgl
6253,jgm
6254,jgn
6255,jgo
6256,jgp
6257,jgq
6258,jgr
6259,jgs
6260,jgt
6261,jgu
6262,jgv
6263,jgw
6264,jgx
6265,jgy
6266,jgz
6267,jha
6268,jhb
6269,jhc
6270,jhd
6271,jhe
6272,jhf
6273,jhg
6274,jhh
6275,jhi
6276,jhj
6277,jhk
6278,jhl
6279,jhm
6280,jhn
6281,jho
6282,jhp
6283,jhq
6284,jhr
6285,jhs
6286,jht
6287,jhu
6288,jhv
6289,jhw
6290,jhx
6291,jhy
6292,jhz
6293,jia
6294,jib
6295,jic
6296,jid
6297,jie
6298,jif
6299,jig
6300,jih
6301,jii
6302,jij
6303,jik
6304,jil
6305,jim
6306,jin
6307,jio
6308,jip
6309,jiq
6310,jir
6311,jis
6312,jit
6313,jiu
6314,jiv
6315,jiw
6316,jix
6317,jiy
6318,jiz
6319,jja
6320,jjb
6321,jjc
6322,jjd
6323,jje
6324,jjf
6325,jjg
6326,jjh
6327,jji
6328,jjj
6329,jjk
6330,jjl
6331,jjm
6332,jjn
6333,jjo
6334,jjp
6335,jjq
6336,jjr
6337,jjs
6338,jjt
6339,jju
6340,jjv
6341,jjw
6342,jjx
6343,jjy
6344,jjz
6345,jka
6346,jkb
6347,jkc
6348,jkd
6349,jke
6350,jkf
6351,jkg
6352,jkh
6353,jki
6354,jkj
6355,jkk
6356,jkl
6357,jkm
6358,jkn
6359,jko
6360,jkp
6361,jkq
6362,jkr
6363,jks
6364,jkt
6365,jku
6366,jkv
6367,jkw
6368,jkx
6369,jky
6370,jkz
6371,jla
6372,jlb
6373,jlc
6374,jld
6375,jle
6376,jlf
6377,jlg
6378,jlh
6379,jli
6380,jlj
6381,jlk
6382,jll
6383,jlm
6384,jln
6385,jlo
6386,jlp
6387,jlq
6388,jlr
6389,jls
6390,jlt
6391,jlu
6392,jlv
6393,jlw
6394,jlx
6395,jly
6396,jlz
6397,jma
6398,jmb
6399,jmc
6400,jmd
6401,jme
6402,jmf
6403,jmg
6404,jmh
6405,jmi
6406,jmj
6407,jmk
6408,jml
6409,jmm
6410,jmn
6411,jmo
6412,jmp
6413,jmq
6414,jmr
6415,jms
6416,jmt
6417,jmu
6418,jmv
6419,jmw
6420,jmx
6421,jmy
6422,jmz
6423,jna
6424,jnb
6425,jnc
6426,jnd
6427,jne
6428,jnf
6429,jng
6430,jnh
6431,jni
6432,jnj
6433,jnk
6434,jnl
6435,jnm
6436,jnn
6437,jno
6438,jnp
6439,jnq
6440,jnr
6441,jns
6442,jnt
6443,jnu
6444,jnv
6445,jnw
6446,jnx
6447,jny
6448,jnz
6449,joa
6450,job
6451,joc
6452,jod
6453,joe
6454,jof
6455,jog
6456,joh
6457,joi
6458,joj
6459,jok
6460,jol
6461,jom
6462,jon
6463,joo
6464,jop
6465,joq
6466,jor
6467,jos
6468,jot
6469,jou
6470,jov
6471,jow
6472,jox
6473,joy
6474,joz
6475,jpa
6476,jpb
6477,jpc
6478,jpd
6479,jpe
6480,jpf
6481,jpg
6482,jph
6483,jpi
6484,jpj
6485,jpk
6486,jpl
6487,jpm
6488,jpn
6489,jpo
6490,jpp
6491,jpq
6492,jpr
6493,jps
6494,jpt
6495,jpu
6496,jpv
6497,jpw
6498,jpx
6499,jpy
6500,jpz
6501,jqa
6502,jqb
6503,jqc
6504,jqd
6505,jqe
6506,jqf
6507,jqg
6508,jqh
6509,jqi
6510,jqj
6511,jqk
6512,jql
6513,jqm
6514,jqn
6515,jqo
6516,jqp
6517,jqq
6518,jqr
6519,jqs
6520,jqt
6521,jqu
6522,jqv
6523,jqw
6524,jqx
6525,jqy
6526,jqz
6527,jra
6528,jrb
6529,jrc
6530,jrd
6531,jre
6532,jrf
6533,jrg
6534,jrh
6535,jri
6536,jrj
6537,jrk
6538,jrl
6539,jrm
6540,jrn
6541,jro
6542,jrp
6543,jrq
6544,jrr
6545,jrs
6546,jrt
6547,jru
6548,jrv
6549,jrw
6550,jrx
6551,jry
6552,jrz
6553,jsa
6554,jsb
6555,jsc
6556,jsd
6557,jse
6558,jsf
6559,jsg
6560,jsh
6561,jsi
6562,jsj
6563,jsk
6564,jsl
6565,jsm
6566,jsn
6567,jso
6568,jsp
6569,jsq
6570,jsr
6571,jss
6572,jst
6573,jsu
6574,jsv
6575,jsw
6576,jsx
6577,jsy
6578,jsz
6579,jta
6580,jtb
6581,jtc
6582,jtd
6583,jte
6584,jtf
6585,jtg
6586,jth
6587,jti
6588,jtj
6589,jtk
6590,jtl
6591,jtm
6592,jtn
6593,jto
6594,jtp
6595,jtq
6596,jtr
6597,jts
6598,jtt
6599,jtu
6600,jtv
6601,jtw
6602,jtx
6603,jty
6604,jtz
6605,jua
6606,jub
6607,juc
6608,jud
6609,jue
6610,juf
6611,jug
6612,juh
6613,jui
6614,juj
6615,juk
6616,jul
6617,jum
6618,jun
6619,juo
6620,jup
6621,juq
6622,jur
6623,jus
6624,jut
6625,juu
6626,juv
6627,juw
6628,jux
6629,juy
6630,juz
6631,jva
6632,jvb
6633,jvc
6634,jvd
6635,jve
6636,jvf
6637,jvg
6638,jvh
6639,jvi
6640,jvj
6641,jvk
6642,jvl
6643,jvm
6644,jvn
6645,jvo
6646,jvp
6647,jvq
6648,jvr
6649,jvs
6650,jvt
6651,jvu
6652,jvv
6653,jvw
6654,jvx
6655,jvy
6656,jvz
6657,jwa
6658,jwb
6659,jwc
6660,jwd
6661,jwe
6662,jwf
6663,jwg
6664,jwh
6665,jwi
6666,jwj
6667,jwk
6668,jwl
6669,jwm
6670,jwn
6671,jwo
6672,jwp
6673,jwq
6674,jwr
6675,jws
6676,jwt
6677,jwu
6678,jwv
6679,jww
6680,jwx
6681,jwy
6682,jwz
6683,jxa
6684,jxb
6685,jxc
6686,jxd
6687,jxe
6688,jxf
6689,jxg
6690,jxh
6691,jxi
6692,jxj
6693,jxk
6694,jxl
6695,jxm
6696,jxn
6697,jxo
6698,jxp
6699,jxq
6700,jxr
6701,jxs
6702,jxt
6703,jxu
6704,jxv
6705,jxw
6706,jxx
6707,jxy
6708,jxz
6709,jya
6710,jyb
6711,jyc
6712,jyd
6713,jye
6714,jyf
6715,jyg
6716,jyh
6717,jyi
6718,jyj
6719,jyk
6720,jyl
6721,jym
6722,jyn
6723,jyo
6724,jyp
6725,jyq
6726,jyr
6727,jys
6728,jyt
6729,jyu
6730,jyv
6731,jyw
6732,jyx
6733,jyy
6734,jyz
6735,jza
6736,jzb
6737,jzc
6738,jzd
6739,jze
6740,jzf
6741,jzg
6742,jzh
6743,jzi
6744,jzj
6745,jzk
6746,jzl
6747,jzm
6748,jzn
6749,jzo
6750,jzp
6751,jzq
6752,jzr
6753,jzs
6754,jzt
6755,jzu
6756,jzv
6757,jzw
6758,jzx
6759,jzy
6760,jzz
6761,kaa
6762,kab
6763,kac
6764,kad
6765,kae
6766,kaf
6767,kag
6768,kah
6769,kai
6770,kaj
6771,kak
6772,kal
6773,kam
6774,kan
6775,kao
6776,kap
6777,kaq
6778,kar
6779,kas
6780,kat
6781,kau
6782,kav
6783,kaw
6784,kax
6785,kay
6786,kaz
6787,kba
6788,kbb
6789,kbc
6790,kbd
6791,kbe
6792,kbf
6793,kbg
6794,kbh
6795,kbi
6796,kbj
6797,kbk
6798,kbl
6799,kbm
6800,kbn
6801,kbo
6802,kbp
6803,kbq
6804,kbr
6805,kbs
6806,kbt
6807,kbu
6808,kbv
6809,kbw
6810,kbx
6811,kby
6812,kbz
6813,kca
6814,kcb
6815,kcc
6816,kcd
6817,kce
6818,kcf
6819,kcg
6820,kch
6821,kci
6822,kcj
6823,kck
6824,kcl
6825,kcm
6826,kcn
6827,kco
6828,kcp
6829,kcq
6830,kcr
6831,kcs
6832,kct
6833,kcu
6834,kcv
6835,kcw
6836,kcx
6837,kcy
6838,kcz
6839,kda
6840,kdb
6841,kdc
6842,kdd
6843,kde
6844,kdf
6845,kdg
6846,kdh
6847,kdi
6848,kdj
6849,kdk
6850,kdl
6851,kdm
6852,kdn
6853,kdo
6854,kdp
6855,kdq
6856,kdr
6857,kds
6858,kdt
6859,kdu
6860,kdv
6861,kdw
6862,kdx
6863,kdy
6864,kdz
6865,kea
6866,keb
6867,kec
6868,ked
6869,kee
6870,kef
6871,keg
6872,keh
6873,kei
6874,kej
6875,kek
6876,kel
6877,kem
6878,ken
6879,keo
6880,kep
6881,keq
6882,ker
6883,kes
6884,ket
6885,keu
6886,kev
6887,kew
6888,kex
6889,key
6890,kez
6891,kfa
6892,kfb
6893,kfc
6894,kfd
6895,kfe
6896,kff
6897,kfg
6898,kfh
6899,kfi
6900,kfj
6901,kfk
6902,kfl
6903,kfm
6904,kfn
6905,kfo
6906,kfp
6907,kfq
6908,kfr
6909,kfs
6910,kft
6911,kfu
6912,kfv
6913,kfw
6914,kfx
6915,kfy
6916,kfz
6917,kga
6918,kgb
6919,kgc
6920,kgd
6921,kge
6922,kgf
6923,kgg
6924,kgh
6925,kgi
6926,kgj
6927,kgk
6928,kgl
6929,kgm
6930,kgn
6931,kgo
6932,kgp
6933,kgq
6934,kgr
6935,kgs
6936,kgt
6937,kgu
6938,kgv
6939,kgw
6940,kgx
6941,kgy
6942,kgz
6943,kha
6944,khb
6945,khc
6946,khd
6947,khe
6948,khf
6949,khg
6950,khh
6951,khi
6952,khj
6953,khk
6954,khl
6955,khm
6956,khn
6957,kho
6958,khp
6959,khq
6960,khr
6961,khs
6962,kht
6963,khu
6964,khv
6965,khw
6966,khx
6967,khy
6968,khz
6969,kia
6970,kib
6971,kic
6972,kid
6973,kie
6974,kif
6975,kig
6976,kih
6977,kii
6978,kij
6979,kik
6980,kil
6981,kim
6982,kin
6983,kio
6984,kip
6985,kiq
6986,kir
6987,kis
6988,kit
6989,kiu
6990,kiv
6991,kiw
6992,kix
6993,kiy
6994,kiz
6995,kja
6996,kjb
6997,kjc
6998,kjd
6999,kje
7000,kjf
7001,kjg
7002,kjh
7003,kji
7004,kjj
7005,kjk
7006,kjl
7007,kjm
7008,kjn
7009,kjo
7010,kjp
7011,kjq
7012,kjr
7013,kjs
7014,kjt
7015,kju
7016,kjv
7017,kjw
7018,kjx
7019,kjy
7020,kjz
7021,kka
7022,kkb
7023,kkc
7024,kkd
7025,kke
7026,kkf
7027,kkg
7028,kkh
7029,kki
7030,kkj
7031,kkk
7032,kkl
7033,kkm
7034,kkn
7035,kko
7036,kkp
7037,kkq
7038,kkr
7039,kks
7040,kkt
7041,kku
7042,kkv
7043,kkw
7044,kkx
7045,kky
7046,kkz
7047,kla
7048,klb
7049,klc
7050,kld
7051,kle
7052,klf
7053,klg
7054,klh
7055,kli
7056,klj
7057,klk
7058,kll
7059,klm
7060,kln
7061,klo
7062,klp
7063,klq
7064,klr
7065,kls
7066,klt
7067,klu
7068,klv
7069,klw
7070,klx
7071,kly
7072,klz
7073,kma
7074,kmb
7075,kmc
7076,kmd
7077,kme
7078,kmf
7079,kmg
7080,kmh
7081,kmi
7082,kmj
7083,kmk
7084,kml
7085,kmm
7086,kmn
7087,kmo
7088,kmp
7089,kmq
7090,kmr
7091,kms
7092,kmt
7093,kmu
7094,kmv
7095,kmw
7096,kmx
7097,kmy
7098,kmz
7099,kna
7100,knb
7101,knc
7102,knd
7103,kne
7104,knf
7105,kng
7106,knh
7107,kni
7108,knj
7109,knk
7110,knl
7111,knm
7112,knn
7113,kno
7114,knp
7115,knq
7116,knr
7117,kns
7118,knt
7119,knu
7120,knv
7121,knw
7122,knx
7123,kny
7124,knz
7125,koa
7126,kob
7127,koc
7128,kod
7129,koe
7130,kof
7131,kog
7132,koh
7133,koi
7134,koj
7135,kok
7136,kol
7137,kom
7138,kon
7139,koo
7140,kop
7141,koq
7142,kor
7143,kos
7144,kot
7145,kou
7146,kov
7147,kow
7148,kox
7149,koy
7150,koz
7151,kpa
7152,kpb
7153,kpc
7154,kpd
7155,kpe
7156,kpf
7157,kpg
7158,kph
7159,kpi
7160,kpj
7161,kpk
7162,kpl
7163,kpm
7164,kpn
7165,kpo
7166,kpp
7167,kpq
7168,kpr
7169,kps
7170,kpt
7171,kpu
7172,kpv
7173,kpw
7174,kpx
7175,kpy
7176,kpz
7177,kqa
7178,kqb
7179,kqc
7180,kqd
7181,kqe
7182,kqf
7183,kqg
7184,kqh
7185,kqi
7186,kqj
7187,kqk
7188,kql
7189,kqm
7190,kqn
7191,kqo
7192,kqp
7193,kqq
7194,kqr
7195,kqs
7196,kqt
7197,kqu
7198,kqv
7199,kqw
7200,kqx
7201,kqy
7202,kqz
7203,kra
7204,krb
7205,krc
7206,krd
7207,kre
7208,krf
7209,krg
7210,krh
7211,kri
7212,krj
7213,krk
7214,krl
7215,krm
7216,krn
7217,kro
7218,krp
7219,krq
7220,krr
7221,krs
7222,krt
7223,kru
7224,krv
7225,krw
7226,krx
7227,kry
7228,krz
7229,ksa
7230,ksb
7231,ksc
7232,ksd
7233,kse
7234,ksf
7235,ksg
7236,ksh
7237,ksi
7238,ksj
7239,ksk
7240,ksl
7241,ksm
7242,ksn
7243,kso
7244,ksp
7245,ksq
7246,ksr
7247,kss
7248,kst
7249,ksu
7250,ksv
7251,ksw
7252,ksx
7253,ksy
7254,ksz
7255,kta
7256,ktb
7257,ktc
7258,ktd
7259,kte
7260,ktf
7261,ktg
7262,kth
7263,kti
7264,ktj
7265,ktk
7266,ktl
7267,ktm
7268,ktn
7269,kto
7270,ktp
7271,ktq
7272,ktr
7273,kts
7274,ktt
7275,ktu
7276,ktv
7277,ktw
7278,ktx
7279,kty
7280,ktz
7281,kua
7282,kub
7283,kuc
7284,kud
7285,kue
7286,kuf
7287,kug
7288,kuh
7289,kui
7290,kuj
7291,kuk
7292,kul
7293,kum
7294,kun
7295,kuo
7296,kup
7297,kuq
7298,kur
7299,kus
7300,kut
7301,kuu
7302,kuv
7303,kuw
7304,kux
7305,kuy
7306,kuz
7307,kva
7308,kvb
7309,kvc
7310,kvd
7311,kve
7312,kvf
7313,kvg
7314,kvh
7315,kvi
7316,kvj
7317,kvk
7318,kvl
7319,kvm
7320,kvn
7321,kvo
7322,kvp
7323,kvq
7324,kvr
7325,kvs
7326,kvt
7327,kvu
7328,kvv
7329,kvw
7330,kvx
7331,kvy
7332,kvz
7333,kwa
7334,kwb
7335,kwc
7336,kwd
7337,kwe
7338,kwf
7339,kwg
7340,kwh
7341,kwi
7342,kwj
7343,kwk
7344,kwl
7345,kwm
7346,kwn
7347,kwo
7348,kwp
7349,kwq
7350,kwr
7351,kws
7352,kwt
7353,kwu
7354,kwv
7355,kww
7356,kwx
7357,kwy
7358,kwz
7359,kxa
7360,kxb
7361,kxc
7362,kxd
7363,kxe
7364,kxf
7365,kxg
7366,kxh
7367,kxi
7368,kxj
7369,kxk
7370,kxl
7371,kxm
7372,kxn
7373,kxo
7374,kxp
7375,kxq
7376,kxr
7377,kxs
7378,kxt
7379,kxu
7380,kxv
7381,kxw
7382,kxx
7383,kxy
7384,kxz
7385,kya
7386,kyb
7387,kyc
7388,kyd
7389,kye
7390,kyf
7391,kyg
7392,kyh
7393,kyi
7394,kyj
7395,kyk
7396,kyl
7397,kym
7398,kyn
7399,kyo
7400,kyp
7401,kyq
7402,kyr
7403,kys
7404,kyt
7405,kyu
7406,kyv
7407,kyw
7408,kyx
7409,kyy
7410,kyz
7411,kza
7412,kzb
7413,kzc
7414,kzd
7415,kze
7416,kzf
7417,kzg
7418,kzh
7419,kzi
7420,kzj
7421,kzk
7422,kzl
7423,kzm
7424,kzn
7425,kzo
7426,kzp
7427,kzq
7428,kzr
7429,kzs
7430,kzt
7431,kzu
7432,kzv
7433,kzw
7434,kzx
7435,kzy
7436,kzz
7437,laa
7438,lab
7439,lac
7440,lad
7441,lae
7442,laf
7443,lag
7444,lah
7445,lai
7446,laj
7447,lak
7448,lal
7449,lam
7450,lan
7451,lao
7452,lap
7453,laq
7454,lar
7455,las
7456,lat
7457,lau
7458,lav
7459,law
7460,lax
7461,lay
7462,laz
7463,lba
7464,lbb
7465,lbc
7466,lbd
7467,lbe
7468,lbf
7469,lbg
7470,lbh
7471,lbi
7472,lbj
7473,lbk
7474,lbl
7475,lbm
7476,lbn
7477,lbo
7478,lbp
7479,lbq
7480,lbr
7481,lbs
7482,lbt
7483,lbu
7484,lbv
7485,lbw
7486,lbx
7487,lby
7488,lbz
7489,lca
7490,lcb
7491,lcc
7492,lcd
7493,lce
7494,lcf
7495,lcg
7496,lch
7497,lci
7498,lcj
7499,lck
7500,lcl
7501,lcm
7502,lcn
7503,lco
7504,lcp
7505,lcq
7506,lcr
7507,lcs
7508,lct
7509,lcu
7510,lcv
7511,lcw
7512,lcx
7513,lcy
7514,lcz
7515,lda
7516,ldb
7517,ldc
7518,ldd
7519,lde
7520,ldf
7521,ldg
7522,ldh
7523,ldi
7524,ldj
7525,ldk
7526,ldl
7527,ldm
7528,ldn
7529,ldo
7530,ldp
7531,ldq
7532,ldr
7533,lds
7534,ldt
7535,ldu
7536,ldv
7537,ldw
7538,ldx
7539,ldy
7540,ldz
7541,lea
7542,leb
7543,lec
7544,led
7545,lee
7546,lef
7547,leg
7548,leh
7549,lei
7550,lej
7551,lek
7552,lel
7553,lem
7554,len
7555,leo
7556,lep
7557,leq
7558,ler
7559,les
7560,let
7561,leu
7562,lev
7563,lew
7564,lex
7565,ley
7566,lez
7567,lfa
7568,lfb
7569,lfc
7570,lfd
7571,lfe
7572,lff
7573,lfg
7574,lfh
7575,lfi
7576,lfj
7577,lfk
7578,lfl
7579,lfm
7580,lfn
7581,lfo
7582,lfp
7583,lfq
7584,lfr
7585,lfs
7586,lft
7587,lfu
7588,lfv
7589,lfw
7590,lfx
7591,lfy
7592,lfz
7593,lga
7594,lgb
7595,lgc
7596,lgd
7597,lge
7598,lgf
7599,lgg
7600,lgh
7601,lgi
7602,lgj
7603,lgk
7604,lgl
7605,lgm
7606,lgn
7607,lgo
7608,lgp
7609,lgq
7610,lgr
7611,lgs
7612,lgt
7613,lgu
7614,lgv
7615,lgw
7616,lgx
7617,lgy
7618,lgz
7619,lha
7620,lhb
7621,lhc
7622,lhd
7623,lhe
7624,lhf
7625,lhg
7626,lhh
7627,lhi
7628,lhj
7629,lhk
7630,lhl
7631,lhm
7632,lhn
7633,lho
7634,lhp
7635,lhq
7636,lhr
7637,lhs
7638,lht
7639,lhu
7640,lhv
7641,lhw
7642,lhx
7643,lhy
7644,lhz
7645,lia
7646,lib
7647,lic
7648,lid
7649,lie
7650,lif
7651,lig
7652,lih
7653,lii
7654,lij
7655,lik
7656,lil
7657,lim
7658,lin
7659,lio
7660,lip
7661,liq
7662,lir
7663,lis
7664,lit
7665,liu
7666,liv
7667,liw
7668,lix
7669,liy
7670,liz
7671,lja
7672,ljb
7673,ljc
7674,ljd
7675,lje
7676,ljf
7677,ljg
7678,ljh
7679,lji
7680,ljj
7681,ljk
7682,ljl
7683,ljm
7684,ljn
7685,ljo
7686,ljp
7687,ljq
7688,ljr
7689,ljs
7690,ljt
7691,lju
7692,ljv
7693,ljw
7694,ljx
7695,ljy
7696,ljz
7697,lka
7698,lkb
7699,lkc
7700,lkd
7701,lke
7702,lkf
7703,lkg
7704,lkh
7705,lki
7706,lkj
7707,lkk
7708,lkl
7709,lkm
7710,lkn
7711,lko
7712,lkp
7713,lkq
7714,lkr
7715,lks
7716,lkt
7717,lku
7718,lkv
7719,lkw
7720,lkx
7721,lky
7722,lkz
7723,lla
7724,llb
7725,llc
7726,lld
7727,lle
7728,llf
7729,llg
7730,llh
7731,lli
7732,llj
7733,llk
7734,lll
7735,llm
7736,lln
7737,llo
7738,llp
7739,llq
7740,llr
7741,lls
7742,llt
7743,llu
7744,llv
7745,llw
7746,llx
7747,lly
7748,llz
7749,lma
7750,lmb
7751,lmc
7752,lmd
7753,lme
7754,lmf
7755,lmg
7756,lmh
7757,lmi
7758,lmj
7759,lmk
7760,lml
7761,lmm
7762,lmn
7763,lmo
7764,lmp
7765,lmq
7766,lmr
7767,lms
7768,lmt
7769,lmu
7770,lmv
7771,lmw
7772,lmx
7773,lmy
7774,lmz
7775,lna
7776,lnb
7777,lnc
7778,lnd
7779,lne
7780,lnf
7781,lng
7782,lnh
7783,lni
7784,lnj
7785,lnk
7786,lnl
7787,lnm
7788,lnn
7789,lno
7790,lnp
7791,lnq
7792,lnr
7793,lns
7794,lnt
7795,lnu
7796,lnv
7797,lnw
7798,lnx
7799,lny
7800,lnz
7801,loa
7802,lob
7803,loc
7804,lod
7805,loe
7806,lof
7807,log
7808,loh
7809,loi
7810,loj
7811,lok
7812,lol
7813,lom
7814,lon
7815,loo
7816,lop
7817,loq
7818,lor
7819,los
7820,lot
7821,lou
7822,lov
7823,low
7824,lox
7825,loy
7826,loz
7827,lpa
7828,lpb
7829,lpc
7830,lpd
7831,lpe
7832,lpf
7833,lpg
7834,lph
7835,lpi
7836,lpj
7837,lpk
7838,lpl
7839,lpm
7840,lpn
7841,lpo
7842,lpp
7843,lpq
7844,lpr
7845,lps
7846,lpt
7847,lpu
7848,lpv
7849,lpw
7850,lpx
7851,lpy
7852,lpz
7853,lqa
7854,lqb
7855,lqc
7856,lqd
7857,lqe
7858,lqf
7859,lqg
7860,lqh
7861,lqi
7862,lqj
7863,lqk
7864,lql
7865,lqm
7866,lqn
7867,lqo
7868,lqp
7869,lqq
7870,lqr
7871,lqs
7872,lqt
7873,lqu
7874,lqv
7875,lqw
7876,lqx
7877,lqy
7878,lqz
7879,lra
7880,lrb
7881,lrc
7882,lrd
7883,lre
7884,lrf
7885,lrg
7886,lrh
7887,lri
7888,lrj
7889,lrk
7890,lrl
7891,lrm
7892,lrn
7893,lro
7894,lrp
7895,lrq
7896,lrr
7897,lrs
7898,lrt
7899,lru
7900,lrv
7901,lrw
7902,lrx
7903,lry
7904,lrz
7905,lsa
7906,lsb
7907,lsc
7908,lsd
7909,lse
7910,lsf
7911,lsg
7912,lsh
7913,lsi
7914,lsj
7915,lsk
7916,lsl
7917,lsm
7918,lsn
7919,lso
7920,lsp
7921,lsq
7922,lsr
7923,lss
7924,lst
7925,lsu
7926,lsv
7927,lsw
7928,lsx
7929,lsy
7930,lsz
7931,lta
7932,ltb
7933,ltc
7934,ltd
7935,lte
7936,ltf
7937,ltg
7938,lth
7939,lti
7940,ltj
7941,ltk
7942,ltl
7943,ltm
7944,ltn
7945,lto
7946,ltp
7947,ltq
7948,ltr
7949,lts
7950,ltt
7951,ltu
7952,ltv
7953,ltw
7954,ltx
7955,lty
7956,ltz
7957,lua
7958,lub
7959,luc
7960,lud
7961,lue
7962,luf
7963,lug
7964,luh
7965,lui
7966,luj
7967,luk
7968,lul
7969,lum
7970,lun
7971,luo
7972,lup
7973,luq
7974,lur
7975,lus
7976,lut
7977,luu
7978,luv
7979,luw
7980,lux
7981,luy
7982,luz
7983,lva
7984,lvb
7985,lvc
7986,lvd
7987,lve
7988,lvf
7989,lvg
7990,lvh
7991,lvi
7992,lvj
7993,lvk
7994,lvl
7995,lvm
7996,lvn
7997,lvo
7998,lvp
7999,lvq
8000,lvr
8001,lvs
8002,lvt
8003,lvu
8004,lvv
8005,lvw
8006,lvx
8007,lvy
8008,lvz
8009,lwa
8010,lwb
8011,lwc
8012,lwd
8013,lwe
8014,lwf
8015,lwg
8016,lwh
8017,lwi
8018,lwj
8019,lwk
8020,lwl
8021,lwm
8022,lwn
8023,lwo
8024,lwp
8025,lwq
8026,lwr
8027,lws
8028,lwt
8029,lwu
8030,lwv
8031,lww
8032,lwx
8033,lwy
8034,lwz
8035,lxa
8036,lxb
8037,lxc
8038,lxd
8039,lxe
8040,lxf
8041,lxg
8042,lxh
8043,lxi
8044,lxj
8045,lxk
8046,lxl
8047,lxm
8048,lxn
8049,lxo
8050,lxp
8051,lxq
8052,lxr
8053,lxs
8054,lxt
8055,lxu
8056,lxv
8057,lxw
8058,lxx
8059,lxy
8060,lxz
8061,lya
8062,lyb
8063,lyc
8064,lyd
8065,lye
8066,lyf
8067,lyg
8068,lyh
8069,lyi
8070,lyj
8071,lyk
8072,lyl
8073,lym
8074,lyn
8075,lyo
8076,lyp
8077,lyq
8078,lyr
8079,lys
8080,lyt
8081,lyu
8082,lyv
8083,lyw
8084,lyx
8085,lyy
8086,lyz
8087,lza
8088,lzb
8089,lzc
8090,lzd
8091,lze
8092,lzf
8093,lzg
8094,lzh
8095,lzi
8096,lzj
8097,lzk
8098,lzl
8099,lzm
8100,lzn
8101,lzo
8102,lzp
8103,lzq
8104,lzr
8105,lzs
8106,lzt
8107,lzu
8108,lzv
8109,lzw
8110,lzx
8111,lzy
8112,lzz
8113,maa
8114,mab
8115,mac
8116,mad
8117,mae
8118,maf
8119,mag
8120,mah
8121,mai
8122,maj
8123,mak
8124,mal
8125,mam
8126,man
8127,mao
8128,map
8129,maq
8130,mar
8131,mas
8132,mat
8133,mau
8134,mav
8135,maw
8136,max
8137,may
8138,maz
8139,mba
8140,mbb
8141,mbc
8142,mbd
8143,mbe
8144,mbf
8145,mbg
8146,mbh
8147,mbi
8148,mbj
8149,mbk
8150,mbl
8151,mbm
8152,mbn
8153,mbo
8154,mbp
8155,mbq
8156,mbr
8157,mbs
8158,mbt
8159,mbu
8160,mbv
8161,mbw
8162,mbx
8163,mby
8164,mbz
8165,mca
8166,mcb
8167,mcc
8168,mcd
8169,mce
8170,mcf
8171,mcg
8172,mch
8173,mci
8174,mcj
8175,mck
8176,mcl
8177,mcm
8178,mcn
8179,mco
8180,mcp
8181,mcq
8182,mcr
8183,mcs
8184,mct
8185,mcu
8186,mcv
8187,mcw
8188,mcx
8189,mcy
8190,mcz
8191,mda
8192,mdb
8193,mdc
8194,mdd
8195,mde
8196,mdf
8197,mdg
8198,mdh
8199,mdi
8200,mdj
8201,mdk
8202,mdl
8203,mdm
8204,mdn
8205,mdo
8206,mdp
8207,mdq
8208,mdr
8209,mds
8210,mdt
8211,mdu
8212,mdv
8213,mdw
8214,mdx
8215,mdy
8216,mdz
8217,mea
8218,meb
8219,mec
8220,med
8221,mee
8222,mef
8223,meg
8224,meh
8225,mei
8226,mej
8227,mek
8228,mel
8229,mem
8230,men
8231,meo
8232,mep
8233,meq
8234,mer
8235,mes
8236,met
8237,meu
8238,mev
8239,mew
8240,mex
8241,mey
8242,mez
8243,mfa
8244,mfb
8245,mfc
8246,mfd
8247,mfe
8248,mff
8249,mfg
8250,mfh
8251,mfi
8252,mfj
8253,mfk
8254,mfl
8255,mfm
8256,mfn
8257,mfo
8258,mfp
8259,mfq
8260,mfr
8261,mfs
8262,mft
8263,mfu
8264,mfv
8265,mfw
8266,mfx
8267,mfy
8268,mfz
8269,mga
8270,mgb
8271,mgc
8272,mgd
8273,mge
8274,mgf
8275,mgg
8276,mgh
8277,mgi
8278,mgj
8279,mgk
8280,mgl
8281,mgm
8282,mgn
8283,mgo
8284,mgp
8285,mgq
8286,mgr
8287,mgs
8288,mgt
8289,mgu
8290,mgv
8291,mgw
8292,mgx
8293,mgy
8294,mgz
8295,mha
8296,mhb
8297,mhc
8298,mhd
8299,mhe
8300,mhf
8301,mhg
8302,mhh
8303,mhi
8304,mhj
8305,mhk
8306,mhl
8307,mhm
8308,mhn
8309,mho
8310,mhp
8311,mhq
8312,mhr
8313,mhs
8314,mht
8315,mhu
8316,mhv
8317,mhw
8318,mhx
8319,mhy
8320,mhz
8321,mia
8322,mib
8323,mic
8324,mid
8325,mie
8326,mif
8327,mig
8328,mih
8329,mii
8330,mij
8331,mik
8332,mil
8333,mim
8334,min
8335,mio
8336,mip
8337,miq
8338,mir
8339,mis
8340,mit
8341,miu
8342,miv
8343,miw
8344,mix
8345,miy
8346,miz
8347,mja
8348,mjb
8349,mjc
8350,mjd
8351,mje
8352,mjf
8353,mjg
8354,mjh
8355,mji
8356,mjj
8357,mjk
8358,mjl
8359,mjm
8360,mjn
8361,mjo
8362,mjp
8363,mjq
8364,mjr
8365,mjs
8366,mjt
8367,mju
8368,mjv
8369,mjw
8370,mjx
8371,mjy
8372,mjz
8373,mka
8374,mkb
8375,mkc
8376,mkd
8377,mke
8378,mkf
8379,mkg
8380,mkh
8381,mki
8382,mkj
8383,mkk
8384,mkl
8385,mkm
8386,mkn
8387,mko
8388,mkp
8389,mkq
8390,mkr
8391,mks
8392,mkt
8393,mku
8394,mkv
8395,mkw
8396,mkx
8397,mky
8398,mkz
8399,mla
8400,mlb
8401,mlc
8402,mld
8403,mle
8404,mlf
8405,mlg
8406,mlh
8407,mli
8408,mlj
8409,mlk
8410,mll
8411,mlm
8412,mln
8413,mlo
8414,mlp
8415,mlq
8416,mlr
8417,mls
8418,mlt
8419,mlu
8420,mlv
8421,mlw
8422,mlx
8423,mly
8424,mlz
8425,mma
8426,mmb
8427,mmc
8428,mmd
8429,mme
8430,mmf
8431,mmg
8432,mmh
8433,mmi
8434,mmj
8435,mmk
8436,mml
8437,mmm
8438,mmn
8439,mmo
8440,mmp
8441,mmq
8442,mmr
8443,mms
8444,mmt
8445,mmu
8446,mmv
8447,mmw
8448,mmx
8449,mmy
8450,mmz
8451,mna
8452,mnb
8453,mnc
8454,mnd
8455,mne
8456,mnf
8457,mng
8458,mnh
8459,mni
8460,mnj
8461,mnk
8462,mnl
8463,mnm
8464,mnn
8465,mno
8466,mnp
8467,mnq
8468,mnr
8469,mns
8470,mnt
8471,mnu
8472,mnv
8473,mnw
8474,mnx
8475,mny
8476,mnz
8477,moa
8478,mob
8479,moc
8480,mod
8481,moe
8482,mof
8483,mog
8484,moh
8485,moi
8486,moj
8487,mok
8488,mol
8489,mom
8490,mon
8491,moo
8492,mop
8493,moq
8494,mor
8495,mos
8496,mot
8497,mou
8498,mov
8499,mow
8500,mox
8501,moy
8502,moz
8503,mpa
8504,mpb
8505,mpc
8506,mpd
8507,mpe
8508,mpf
8509,mpg
8510,mph
8511,mpi
8512,mpj
8513,mpk
8514,mpl
8515,mpm
8516,mpn
8517,mpo
8518,mpp
8519,mpq
8520,mpr
8521,mps
8522,mpt
8523,mpu
8524,mpv
8525,mpw
8526,mpx
8527,mpy
8528,mpz
8529,mqa
8530,mqb
8531,mqc
8532,mqd
8533,mqe
8534,mqf
8535,mqg
8536,mqh
8537,mqi
8538,mqj
8539,mqk
8540,mql
8541,mqm
8542,mqn
8543,mqo
8544,mqp
8545,mqq
8546,mqr
8547,mqs
8548,mqt
8549,mqu
8550,mqv
8551,mqw
8552,mqx
8553,mqy
8554,mqz
8555,mra
8556,mrb
8557,mrc
8558,mrd
8559,mre
8560,mrf
8561,mrg
8562,mrh
8563,mri
8564,mrj
8565,mrk
8566,mrl
8567,mrm
8568,mrn
8569,mro
8570,mrp
8571,mrq
8572,mrr
8573,mrs
8574,mrt
8575,mru
8576,mrv
8577,mrw
8578,mrx
8579,mry
8580,mrz
8581,msa
8582,msb
8583,msc
8584,msd
8585,mse
8586,msf
8587,msg
8588,msh
8589,msi
8590,msj
8591,msk
8592,msl
8593,msm
8594,msn
8595,mso
8596,msp
8597,msq
8598,msr
8599,mss
8600,mst
8601,msu
8602,msv
8603,msw
8604,msx
8605,msy
8606,msz
8607,mta
8608,mtb
8609,mtc
8610,mtd
8611,mte
8612,mtf
8613,mtg
8614,mth
8615,mti
8616,mtj
8617,mtk
8618,mtl
8619,mtm
8620,mtn
8621,mto
8622,mtp
8623,mtq
8624,mtr
8625,mts
8626,mtt
8627,mtu
8628,mtv
8629,mtw
8630,mtx
8631,mty
8632,mtz
8633,mua
8634,mub
8635,muc
8636,mud
8637,mue
8638,muf
8639,mug
8640,muh
8641,mui
8642,muj
8643,muk
8644,mul
8645,mum
8646,mun
8647,muo
8648,mup
8649,muq
8650,mur
8651,mus
8652,mut
8653,muu
8654,muv
8655,muw
8656,mux
8657,muy
8658,muz
8659,mva
8660,mvb
8661,mvc
8662,mvd
8663,mve
8664,mvf
8665,mvg
8666,mvh
8667,mvi
8668,mvj
8669,mvk
8670,mvl
8671,mvm
8672,mvn
8673,mvo
8674,mvp
8675,mvq
8676,mvr
8677,mvs
8678,mvt
8679,mvu
8680,mvv
8681,mvw
8682,mvx
8683,mvy
8684,mvz
8685,mwa
8686,mwb
8687,mwc
8688,mwd
8689,mwe
8690,mwf
8691,mwg
8692,mwh
8693,mwi
8694,mwj
8695,mwk
8696,mwl
8697,mwm
8698,mwn
8699,mwo
8700,mwp
8701,mwq
8702,mwr
8703,mws
8704,mwt
8705,mwu
8706,mwv
8707,mww
8708,mwx
8709,mwy
8710,mwz
8711,mxa
8712,mxb
8713,mxc
8714,mxd
8715,mxe
8716,mxf
8717,mxg
8718,mxh
8719,mxi
8720,mxj
8721,mxk
8722,mxl
8723,mxm
8724,mxn
8725,mxo
8726,mxp
8727,mxq
8728,mxr
8729,mxs
8730,mxt
8731,mxu
8732,mxv
8733,mxw
8734,mxx
8735,mxy
8736,mxz
8737,mya
8738,myb
8739,myc
8740,myd
8741,mye
8742,myf
8743,myg
8744,myh
8745,myi
8746,myj
8747,myk
8748,myl
8749,mym
8750,myn
8751,myo
8752,myp
8753,myq
8754,myr
8755,mys
8756,myt
8757,myu
8758,myv
8759,myw
8760,myx
8761,myy
8762,myz
8763,mza
8764,mzb
8765,mzc
8766,mzd
8767,mze
8768,mzf
8769,mzg
8770,mzh
8771,mzi
8772,mzj
8773,mzk
8774,mzl
8775,mzm
8776,mzn
8777,mzo
8778,mzp
8779,mzq
8780,mzr
8781,mzs
8782,mzt
8783,mzu
8784,mzv
8785,mzw
8786,mzx
8787,mzy
8788,mzz
8789,naa
8790,nab
8791,nac
8792,nad
8793,nae
8794,naf
8795,nag
8796,nah
8797,nai
8798,naj
8799,nak
8800,nal
8801,nam
8802,nan
8803,nao
8804,nap
8805,naq
8806,nar
8807,nas
8808,nat
8809,nau
8810,nav
8811,naw
8812,nax
8813,nay
8814,naz
8815,nba
8816,nbb
8817,nbc
8818,nbd
8819,nbe
8820,nbf
8821,nbg
8822,nbh
8823,nbi
8824,nbj
8825,nbk
8826,nbl
8827,nbm
8828,nbn
8829,nbo
8830,nbp
8831,nbq
8832,nbr
8833,nbs
8834,nbt
8835,nbu
8836,nbv
8837,nbw
8838,nbx
8839,nby
8840,nbz
8841,nca
8842,ncb
8843,ncc
8844,ncd
8845,nce
8846,ncf
8847,ncg
8848,nch
8849,nci
8850,ncj
8851,nck
8852,ncl
8853,ncm
8854,ncn
8855,nco
8856,ncp
8857,ncq
8858,ncr
8859,ncs
8860,nct
8861,ncu
8862,ncv
8863,ncw
8864,ncx
8865,ncy
8866,ncz
8867,nda
8868,ndb
8869,ndc
8870,ndd
8871,nde
8872,ndf
8873,ndg
8874,ndh
8875,ndi
8876,ndj
8877,ndk
8878,ndl
8879,ndm
8880,ndn
8881,ndo
8882,ndp
8883,ndq
8884,ndr
8885,nds
8886,ndt
8887,ndu
8888,ndv
8889,ndw
8890,ndx
8891,ndy
8892,ndz
8893,nea
8894,neb
8895,nec
8896,ned
8897,nee
8898,nef
8899,neg
8900,neh
8901,nei
8902,nej
8903,nek
8904,nel
8905,nem
8906,nen
8907,neo
8908,nep
8909,neq
8910,ner
8911,nes
8912,net
8913,neu
8914,nev
8915,new
8916,nex
8917,ney
8918,nez
8919,nfa
8920,nfb
8921,nfc
8922,nfd
8923,nfe
8924,nff
8925,nfg
8926,nfh
8927,nfi
8928,nfj
8929,nfk
8930,nfl
8931,nfm
8932,nfn
8933,nfo
8934,nfp
8935,nfq
8936,nfr
8937,nfs
8938,nft
8939,nfu
8940,nfv
8941,nfw
8942,nfx
8943,nfy
8944,nfz
8945,nga
8946,ngb
8947,ngc
8948,ngd
8949,nge
8950,ngf
8951,ngg
8952,ngh
8953,ngi
8954,ngj
8955,ngk
8956,ngl
8957,ngm
8958,ngn
8959,ngo
8960,ngp
8961,ngq
8962,ngr
8963,ngs
8964,ngt
8965,ngu
8966,ngv
8967,ngw
8968,ngx
8969,ngy
8970,ngz
8971,nha
8972,nhb
8973,nhc
8974,nhd
8975,nhe
8976,nhf
8977,nhg
8978,nhh
8979,nhi
8980,nhj
8981,nhk
8982,nhl
8983,nhm
8984,nhn
8985,nho
8986,nhp
8987,nhq
8988,nhr
8989,nhs
8990,nht
8991,nhu
8992,nhv
8993,nhw
8994,nhx
8995,nhy
8996,nhz
8997,nia
8998,nib
8999,nic
9000,nid
9001,nie
9002,nif
9003,nig
9004,nih
9005,nii
9006,nij
9007,nik
9008,nil
9009,nim
9010,nin
9011,nio
9012,nip
9013,niq
9014,nir
9015,nis
9016,nit
9017,niu
9018,niv
9019,niw
9020,nix
9021,niy
9022,niz
9023,nja
9024,njb
9025,njc
9026,njd
9027,nje
9028,njf
9029,njg
9030,njh
9031,nji
9032,njj
9033,njk
9034,njl
9035,njm
9036,njn
9037,njo
9038,njp
9039,njq
9040,njr
9041,njs
9042,njt
9043,nju
9044,njv
9045,njw
9046,njx
9047,njy
9048,njz
9049,nka
9050,nkb
9051,nkc
9052,nkd
9053,nke
9054,nkf
9055,nkg
9056,nkh
9057,nki
9058,nkj
9059,nkk
9060,nkl
9061,nkm
9062,nkn
9063,nko
9064,nkp
9065,nkq
9066,nkr
9067,nks
9068,nkt
9069,nku
9070,nkv
9071,nkw
9072,nkx
9073,nky
9074,nkz
9075,nla
9076,nlb
9077,nlc
9078,nld
9079,nle
9080,nlf
9081,nlg
9082,nlh
9083,nli
9084,nlj
9085,nlk
9086,nll
9087,nlm
9088,nln
9089,nlo
9090,nlp
9091,nlq
9092,nlr
9093,nls
9094,nlt
9095,nlu
9096,nlv
9097,nlw
9098,nlx
9099,nly
9100,nlz
9101,nma
9102,nmb
9103,nmc
9104,nmd
9105,nme
9106,nmf
9107,nmg
9108,nmh
9109,nmi
9110,nmj
9111,nmk
9112,nml
9113,nmm
9114,nmn
9115,nmo
9116,nmp
9117,nmq
9118,nmr
9119,nms
9120,nmt
9121,nmu
9122,nmv
9123,nmw
9124,nmx
9125,nmy
9126,nmz
9127,nna
9128,nnb
9129,nnc
9130,nnd
9131,nne
9132,nnf
9133,nng
9134,nnh
9135,nni
9136,nnj
9137,nnk
9138,nnl
9139,nnm
9140,nnn
9141,nno
9142,nnp
9143,nnq
9144,nnr
9145,nns
9146,nnt
9147,nnu
9148,nnv
9149,nnw
9150,nnx
9151,nny
9152,nnz
9153,noa
9154,nob
9155,noc
9156,nod
9157,noe
9158,nof
9159,nog
9160,noh
9161,noi
9162,noj
9163,nok
9164,nol
9165,nom
9166,non
9167,noo
9168,nop
9169,noq
9170,nor
9171,nos
9172,not
9173,nou
9174,nov
9175,now
9176,nox
9177,noy
9178,noz
9179,npa
9180,npb
9181,npc
9182,npd
9183,npe
9184,npf
9185,npg
9186,nph
9187,npi
9188,npj
9189,npk
9190,npl
9191,npm
9192,npn
9193,npo
9194,npp
9195,npq
9196,npr
9197,nps
9198,npt
9199,npu
9200,npv
9201,npw
9202,npx
9203,npy
9204,npz
9205,nqa
9206,nqb
9207,nqc
9208,nqd
9209,nqe
9210,nqf
9211,nqg
9212,nqh
9213,nqi
9214,nqj
9215,nqk
9216,nql
9217,nqm
9218,nqn
9219,nqo
9220,nqp
9221,nqq
9222,nqr
9223,nqs
9224,nqt
9225,nqu
9226,nqv
9227,nqw
9228,nqx
9229,nqy
9230,nqz
9231,nra
9232,nrb
9233,nrc
9234,nrd
9235,nre
9236,nrf
9237,nrg
9238,nrh
9239,nri
9240,nrj
9241,nrk
9242,nrl
9243,nrm
9244,nrn
9245,nro
9246,nrp
9247,nrq
9248,nrr
9249,nrs
9250,nrt
9251,nru
9252,nrv
9253,nrw
9254,nrx
9255,nry
9256,nrz
9257,nsa
9258,nsb
9259,nsc
9260,nsd
9261,nse
9262,nsf
9263,nsg
9264,nsh
9265,nsi
9266,nsj
9267,nsk
9268,nsl
9269,nsm
9270,nsn
9271,nso
9272,nsp
9273,nsq
9274,nsr
9275,nss
9276,nst
9277,nsu
9278,nsv
9279,nsw
9280,nsx
9281,nsy
9282,nsz
9283,nta
9284,ntb
9285,ntc
9286,ntd
9287,nte
9288,ntf
9289,ntg
9290,nth
9291,nti
9292,ntj
9293,ntk
9294,ntl
9295,ntm
9296,ntn
9297,nto
9298,ntp
9299,ntq
9300,ntr
9301,nts
9302,ntt
9303,ntu
9304,ntv
9305,ntw
9306,ntx
9307,nty
9308,ntz
9309,nua
9310,nub
9311,nuc
9312,nud
9313,nue
9314,nuf
9315,nug
9316,nuh
9317,nui
9318,nuj
9319,nuk
9320,nul
9321,num
9322,nun
9323,nuo
9324,nup
9325,nuq
9326,nur
9327,nus
9328,nut
9329,nuu
9330,nuv
9331,nuw
9332,nux
9333,nuy
9334,nuz
9335,nva
9336,nvb
9337,nvc
9338,nvd
9339,nve
9340,nvf
9341,nvg
9342,nvh
9343,nvi
9344,nvj
9345,nvk
9346,nvl
9347,nvm
9348,nvn
9349,nvo
9350,nvp
9351,nvq
9352,nvr
9353,nvs
9354,nvt
9355,nvu
9356,nvv
9357,nvw
9358,nvx
9359,nvy
9360,nvz
9361,nwa
9362,nwb
9363,nwc
9364,nwd
9365,nwe
9366,nwf
9367,nwg
9368,nwh
9369,nwi
9370,nwj
9371,nwk
9372,nwl
9373,nwm
9374,nwn
9375,nwo
9376,nwp
9377,nwq
9378,nwr
9379,nws
9380,nwt
9381,nwu
9382,nwv
9383,nww
9384,nwx
9385,nwy
9386,nwz
9387,nxa
9388,nxb
9389,nxc
9390,nxd
9391,nxe
9392,nxf
9393,nxg
9394,nxh
9395,nxi
9396,nxj
9397,nxk
9398,nxl
9399,nxm
9400,nxn
9401,nxo
9402,nxp
9403,nxq
9404,nxr
9405,nxs
9406,nxt
9407,nxu
9408,nxv
9409,nxw
9410,nxx
9411,nxy
9412,nxz
9413,nya
9414,nyb
9415,nyc
9416,nyd
9417,nye
9418,nyf
9419,nyg
9420,nyh
9421,nyi
9422,nyj
9423,nyk
9424,nyl
9425,nym
9426,nyn
9427,nyo
9428,nyp
9429,nyq
9430,nyr
9431,nys
9432,nyt
9433,nyu
9434,nyv
9435,nyw
9436,nyx
9437,nyy
9438,nyz
9439,nza
9440,nzb
9441,nzc
9442,nzd
9443,nze
9444,nzf
9445,nzg
9446,nzh
9447,nzi
9448,nzj
9449,nzk
9450,nzl
9451,nzm
9452,nzn
9453,nzo
9454,nzp
9455,nzq
9456,nzr
9457,nzs
9458,nzt
9459,nzu
9460,nzv
9461,nzw
9462,nzx
9463,nzy
9464,nzz
9465,oaa
9466,oab
9467,oac
9468,oad
9469,oae
9470,oaf
9471,oag
9472,oah
9473,oai
9474,oaj
9475,oak
9476,oal
9477,oam
9478,oan
9479,oao
9480,oap
9481,oaq
9482,oar
9483,oas
9484,oat
9485,oau
9486,oav
9487,oaw
9488,oax
9489,oay
9490,oaz
9491,oba
9492,obb
9493,obc
9494,obd
9495,obe
9496,obf
9497,obg
9498,obh
9499,obi
9500,obj
9501,obk
9502,obl
9503,obm
9504,obn
9505,obo
9506,obp
9507,obq
9508,obr
9509,obs
9510,obt
9511,obu
9512,obv
9513,obw
9514,obx
9515,oby
9516,obz
9517,oca
9518,ocb
9519,occ
9520,ocd
9521,oce
9522,ocf
9523,ocg
9524,och
9525,oci
9526,ocj
9527,ock
9528,ocl
9529,ocm
9530,ocn
9531,oco
9532,ocp
9533,ocq
9534,ocr
9535,ocs
9536,oct
9537,ocu
9538,ocv
9539,ocw
9540,ocx
9541,ocy
9542,ocz
9543,oda
9544,odb
9545,odc
9546,odd
9547,ode
9548,odf
9549,odg
9550,odh
9551,odi
9552,odj
9553,odk
9554,odl
9555,odm
9556,odn
9557,odo
9558,odp
9559,odq
9560,odr
9561,ods
9562,odt
9563,odu
9564,odv
9565,odw
9566,odx
9567,ody
9568,odz
9569,oea
9570,oeb
9571,oec
9572,oed
9573,oee
9574,oef
9575,oeg
9576,oeh
9577,oei
9578,oej
9579,oek
9580,oel
9581,oem
9582,oen
9583,oeo
9584,oep
9585,oeq
9586,oer
9587,oes
9588,oet
9589,oeu
9590,oev
9591,oew
9592,oex
9593,oey
9594,oez
9595,ofa
9596,ofb
9597,ofc
9598,ofd
9599,ofe
9600,off
9601,ofg
9602,ofh
9603,ofi
9604,ofj
9605,ofk
9606,ofl
9607,ofm
9608,ofn
9609,ofo
9610,ofp
9611,ofq
9612,ofr
9613,ofs
9614,oft
9615,ofu
9616,ofv
9617,ofw
9618,ofx
9619,ofy
9620,ofz
9621,oga
9622,ogb
9623,ogc
9624,ogd
9625,oge
9626,ogf
9627,ogg
9628,ogh
9629,ogi
9630,ogj
9631,ogk
9632,ogl
9633,ogm
9634,ogn
9635,ogo
9636,ogp
9637,ogq
9638,ogr
9639,ogs
9640,ogt
9641,ogu
9642,ogv
9643,ogw
9644,ogx
9645,ogy
9646,ogz
9647,oha
9648,ohb
9649,ohc
9650,ohd
9651,ohe
9652,ohf
9653,ohg
9654,ohh
9655,ohi
9656,ohj
9657,ohk
9658,ohl
9659,ohm
9660,ohn
9661,oho
9662,ohp
9663,ohq
9664,ohr
9665,ohs
9666,oht
9667,ohu
9668,ohv
9669,ohw
9670,ohx
9671,ohy
9672,ohz
9673,oia
9674,oib
9675,oic
9676,oid
9677,oie
9678,oif
9679,oig
9680,oih
9681,oii
9682,oij
9683,oik
9684,oil
9685,oim
9686,oin
9687,oio
9688,oip
9689,oiq
9690,oir
9691,ois
9692,oit
9693,oiu
9694,oiv
9695,oiw
9696,oix
9697,oiy
9698,oiz
9699,oja
9700,ojb
9701,ojc
9702,ojd
9703,oje
9704,ojf
9705,ojg
9706,ojh
9707,oji
9708,ojj
9709,ojk
9710,ojl
9711,ojm
9712,ojn
9713,ojo
9714,ojp
9715,ojq
9716,ojr
9717,ojs
9718,ojt
9719,oju
9720,ojv
9721,ojw
9722,ojx
9723,ojy
9724,ojz
9725,oka
9726,okb
9727,okc
9728,okd
9729,oke
9730,okf
9731,okg
9732,okh
9733,oki
9734,okj
9735,okk
9736,okl
9737,okm
9738,okn
9739,oko
9740,okp
9741,okq
9742,okr
9743,oks
9744,okt
9745,oku
9746,okv
9747,okw
9748,okx
9749,oky
9750,okz
9751,ola
9752,olb
9753,olc
9754,old
9755,ole
9756,olf
9757,olg
9758,olh
9759,oli
9760,olj
9761,olk
9762,oll
9763,olm
9764,oln
9765,olo
9766,olp
9767,olq
9768,olr
9769,ols
9770,olt
9771,olu
9772,olv
9773,olw
9774,olx
9775,oly
9776,olz
9777,oma
9778,omb
9779,omc
9780,omd
9781,ome
9782,omf
9783,omg
9784,omh
9785,omi
9786,omj
9787,omk
9788,oml
9789,omm
9790,omn
9791,omo
9792,omp
9793,omq
9794,omr
9795,oms
9796,omt
9797,omu
9798,omv
9799,omw
9800,omx
9801,omy
9802,omz
9803,ona
9804,onb
9805,onc
9806,ond
9807,one
9808,onf
9809,ong
9810,onh
9811,oni
9812,onj
9813,onk
9814,onl
9815,onm
9816,onn
9817,ono
9818,onp
9819,onq
9820,onr
9821,ons
9822,ont
9823,onu
9824,onv
9825,onw
9826,onx
9827,ony
9828,onz
9829,ooa
9830,oob
9831,ooc
9832,ood
9833,ooe
9834,oof
9835,oog
9836,ooh
9837,ooi
9838,ooj
9839,ook
9840,ool
9841,oom
9842,oon
9843,ooo
9844,oop
9845,ooq
9846,oor
9847,oos
9848,oot
9849,oou
9850,oov
9851,oow
9852,oox
9853,ooy
9854,ooz
9855,opa
9856,opb
9857,opc
9858,opd
9859,ope
9860,opf
9861,opg
9862,oph
9863,opi
9864,opj
9865,opk
9866,opl
9867,opm
9868,opn
9869,opo
9870,opp
9871,opq
9872,opr
9873,ops
9874,opt
9875,opu
9876,opv
9877,opw
9878,opx
9879,opy
9880,opz
9881,oqa
9882,oqb
9883,oqc
9884,oqd
9885,oqe
9886,oqf
9887,oqg
9888,oqh
9889,oqi
9890,oqj
9891,oqk
9892,oql
9893,oqm
9894,oqn
9895,oqo
9896,oqp
9897,oqq
9898,oqr
9899,oqs
9900,oqt
9901,oqu
9902,oqv
9903,oqw
9904,oqx
9905,oqy
9906,oqz
9907,ora
9908,orb
9909,orc
9910,ord
9911,ore
9912,orf
9913,org
9914,orh
9915,ori
9916,orj
9917,ork
9918,orl
9919,orm
9920,orn
9921,oro
9922,orp
9923,orq
9924,orr
9925,ors
9926,ort
9927,oru
9928,orv
9929,orw
9930,orx
9931,ory
9932,orz
9933,osa
9934,osb
9935,osc
9936,osd
9937,ose
9938,osf
9939,osg
9940,osh
9941,osi
9942,osj
9943,osk
9944,osl
9945,osm
9946,osn
9947,oso
9948,osp
9949,osq
9950,osr
9951,oss
9952,ost
9953,osu
9954,osv
9955,osw
9956,osx
9957,osy
9958,osz
9959,ota
9960,otb
9961,otc
9962,otd
9963,ote
9964,otf
9965,otg
9966,oth
9967,oti
9968,otj
9969,otk
9970,otl
9971,otm
9972,otn
9973,oto
9974,otp
9975,otq
9976,otr
9977,ots
9978,ott
9979,otu
9980,otv
9981,otw
9982,otx
9983,oty
9984,otz
9985,oua
9986,oub
9987,ouc
9988,oud
9989,oue
9990,ouf
9991,oug
9992,ouh
9993,oui
9994,ouj
9995,ouk
9996,oul
9997,oum
9998,oun
9999,ouo
10000,oup
