1,ouq
2,our
3,ous
4,out
5,ouu
6,ouv
7,ouw
8,oux
9,ouy
10,ouz
11,ova
12,ovb
13,ovc
14,ovd
15,ove
16,ovf
17,ovg
18,ovh
19,ovi
20,ovj
21,ovk
22,ovl
23,ovm
24,ovn
25,ovo
26,ovp
27,ovq
28,ovr
29,ovs
30,ovt
31,ovu
32,ovv
33,ovw
34,ovx
35,ovy
36,ovz
37,owa
38,owb
39,owc
40,owd
41,owe
42,owf
43,owg
44,owh
45,owi
46,owj
47,owk
48,owl
49,owm
50,own
51,owo
52,owp
53,owq
54,owr
55,ows
56,owt
57,owu
58,owv
59,oww
60,owx
61,owy
62,owz
63,oxa
64,oxb
65,oxc
66,oxd
67,oxe
68,oxf
69,oxg
70,oxh
71,oxi
72,oxj
73,oxk
74,oxl
75,oxm
76,oxn
77,oxo
78,oxp
79,oxq
80,oxr
81,oxs
82,oxt
83,oxu
84,oxv
85,oxw
86,oxx
87,oxy
88,oxz
89,oya
90,oyb
91,oyc
92,oyd
93,oye
94,oyf
95,oyg
96,oyh
97,oyi
98,oyj
99,oyk
100,oyl
101,oym
102,oyn
103,oyo
104,oyp
105,oyq
106,oyr
107,oys
108,oyt
109,oyu
110,oyv
111,oyw
112,oyx
113,oyy
114,oyz
115,oza
116,ozb
117,ozc
118,ozd
119,oze
120,ozf
121,ozg
122,ozh
123,ozi
124,ozj
125,ozk
126,ozl
127,ozm
128,ozn
129,ozo
130,ozp
131,ozq
132,ozr
133,ozs
134,ozt
135,ozu
136,ozv
137,ozw
138,ozx
139,ozy
140,ozz
141,paa
142,pab
143,pac
144,pad
145,pae
146,paf
147,pag
148,pah
149,pai
150,paj
151,pak
152,pal
153,pam
154,pan
155,pao
156,pap
157,paq
158,par
159,pas
160,pat
161,pau
162,pav
163,paw
164,pax
165,pay
166,paz
167,pba
168,pbb
169,pbc
170,pbd
171,pbe
172,pbf
173,pbg
174,pbh
175,pbi
176,pbj
177,pbk
178,pbl
179,pbm
180,pbn
181,pbo
182,pbp
183,pbq
184,pbr
185,pbs
186,pbt
187,pbu
188,pbv
189,pbw
190,pbx
191,pby
192,pbz
193,pca
194,pcb
195,pcc
196,pcd
197,pce
198,pcf
199,pcg
200,pch
201,pci
202,pcj
203,pck
204,pcl
205,pcm
206,pcn
207,pco
208,pcp
209,pcq
210,pcr
211,pcs
212,pct
213,pcu
214,pcv
215,pcw
216,pcx
217,pcy
218,pcz
219,pda
220,pdb
221,pdc
222,pdd
223,pde
224,pdf
225,pdg
226,pdh
227,pdi
228,pdj
229,pdk
230,pdl
231,pdm
232,pdn
233,pdo
234,pdp
235,pdq
236,pdr
237,pds
238,pdt
239,pdu
240,pdv
241,pdw
242,pdx
243,pdy
244,pdz
245,pea
246,peb
247,pec
248,ped
249,pee
250,pef
251,peg
252,peh
253,pei
254,pej
255,pek
256,pel
257,pem
258,pen
259,peo
260,pep
261,peq
262,per
263,pes
264,pet
265,peu
266,pev
267,pew
268,pex
269,pey
270,pez
271,pfa
272,pfb
273,pfc
274,pfd
275,pfe
276,pff
277,pfg
278,pfh
279,pfi
280,pfj
281,pfk
282,pfl
283,pfm
284,pfn
285,pfo
286,pfp
287,pfq
288,pfr
289,pfs
290,pft
291,pfu
292,pfv
293,pfw
294,pfx
295,pfy
296,pfz
297,pga
298,pgb
299,pgc
300,pgd
301,pge
302,pgf
303,pgg
304,pgh
305,pgi
306,pgj
307,pgk
308,pgl
309,pgm
310,pgn
311,pgo
312,pgp
313,pgq
314,pgr
315,pgs
316,pgt
317,pgu
318,pgv
319,pgw
320,pgx
321,pgy
322,pgz
323,pha
324,phb
325,phc
326,phd
327,phe
328,phf
329,phg
330,phh
331,phi
332,phj
333,phk
334,phl
335,phm
336,phn
337,pho
338,php
339,phq
340,phr
341,phs
342,pht
343,phu
344,phv
345,phw
346,phx
347,phy
348,phz
349,pia
350,pib
351,pic
352,pid
353,pie
354,pif
355,pig
356,pih
357,pii
358,pij
359,pik
360,pil
361,pim
362,pin
363,pio
364,pip
365,piq
366,pir
367,pis
368,pit
369,piu
370,piv
371,piw
372,pix
373,piy
374,piz
375,pja
376,pjb
377,pjc
378,pjd
379,pje
380,pjf
381,pjg
382,pjh
383,pji
384,pjj
385,pjk
386,pjl
387,pjm
388,pjn
389,pjo
390,pjp
391,pjq
392,pjr
393,pjs
394,pjt
395,pju
396,pjv
397,pjw
398,pjx
399,pjy
400,pjz
401,pka
402,pkb
403,pkc
404,pkd
405,pke
406,pkf
407,pkg
408,pkh
409,pki
410,pkj
411,pkk
412,pkl
413,pkm
414,pkn
415,pko
416,pkp
417,pkq
418,pkr
419,pks
420,pkt
421,pku
422,pkv
423,pkw
424,pkx
425,pky
426,pkz
427,pla
428,plb
429,plc
430,pld
431,ple
432,plf
433,plg
434,plh
435,pli
436,plj
437,plk
438,pll
439,plm
440,pln
441,plo
442,plp
443,plq
444,plr
445,pls
446,plt
447,plu
448,plv
449,plw
450,plx
451,ply
452,plz
453,pma
454,pmb
455,pmc
456,pmd
457,pme
458,pmf
459,pmg
460,pmh
461,pmi
462,pmj
463,pmk
464,pml
465,pmm
466,pmn
467,pmo
468,pmp
469,pmq
470,pmr
471,pms
472,pmt
473,pmu
474,pmv
475,pmw
476,pmx
477,pmy
478,pmz
479,pna
480,pnb
481,pnc
482,pnd
483,pne
484,pnf
485,png
486,pnh
487,pni
488,pnj
489,pnk
490,pnl
491,pnm
492,pnn
493,pno
494,pnp
495,pnq
496,pnr
497,pns
498,pnt
499,pnu
500,pnv
501,pnw
502,pnx
503,pny
504,pnz
505,poa
506,pob
507,poc
508,pod
509,poe
510,pof
511,pog
512,poh
513,poi
514,poj
515,pok
516,pol
517,pom
518,pon
519,poo
520,pop
521,poq
522,por
523,pos
524,pot
525,pou
526,pov
527,pow
528,pox
529,poy
530,poz
531,ppa
532,ppb
533,ppc
534,ppd
535,ppe
536,ppf
537,ppg
538,pph
539,ppi
540,ppj
541,ppk
542,ppl
543,ppm
544,ppn
545,ppo
546,ppp
547,ppq
548,ppr
549,pps
550,ppt
551,ppu
552,ppv
553,ppw
554,ppx
555,ppy
556,ppz
557,pqa
558,pqb
559,pqc
560,pqd
561,pqe
562,pqf
563,pqg
564,pqh
565,pqi
566,pqj
567,pqk
568,pql
569,pqm
570,pqn
571,pqo
572,pqp
573,pqq
574,pqr
575,pqs
576,pqt
577,pqu
578,pqv
579,pqw
580,pqx
581,pqy
582,pqz
583,pra
584,prb
585,prc
586,prd
587,pre
588,prf
589,prg
590,prh
591,pri
592,prj
593,prk
594,prl
595,prm
596,prn
597,pro
598,prp
599,prq
600,prr
601,prs
602,prt
603,pru
604,prv
605,prw
606,prx
607,pry
608,prz
609,psa
610,psb
611,psc
612,psd
613,pse
614,psf
615,psg
616,psh
617,psi
618,psj
619,psk
620,psl
621,psm
622,psn
623,pso
624,psp
625,psq
626,psr
627,pss
628,pst
629,psu
630,psv
631,psw
632,psx
633,psy
634,psz
635,pta
636,ptb
637,ptc
638,ptd
639,pte
640,ptf
641,ptg
642,pth
643,pti
644,ptj
645,ptk
646,ptl
647,ptm
648,ptn
649,pto
650,ptp
651,ptq
652,ptr
653,pts
654,ptt
655,ptu
656,ptv
657,ptw
658,ptx
659,pty
660,ptz
661,pua
662,pub
663,puc
664,pud
665,pue
666,puf
667,pug
668,puh
669,pui
670,puj
671,puk
672,pul
673,pum
674,pun
675,puo
676,pup
677,puq
678,pur
679,pus
680,put
681,puu
682,puv
683,puw
684,pux
685,puy
686,puz
687,pva
688,pvb
689,pvc
690,pvd
691,pve
692,pvf
693,pvg
694,pvh
695,pvi
696,pvj
697,pvk
698,pvl
699,pvm
700,pvn
701,pvo
702,pvp
703,pvq
704,pvr
705,pvs
706,pvt
707,pvu
708,pvv
709,pvw
710,pvx
711,pvy
712,pvz
713,pwa
714,pwb
715,pwc
716,pwd
717,pwe
718,pwf
719,pwg
720,pwh
721,pwi
722,pwj
723,pwk
724,pwl
725,pwm
726,pwn
727,pwo
728,pwp
729,pwq
730,pwr
731,pws
732,pwt
733,pwu
734,pwv
735,pww
736,pwx
737,pwy
738,pwz
739,pxa
740,pxb
741,pxc
742,pxd
743,pxe
744,pxf
745,pxg
746,pxh
747,pxi
748,pxj
749,pxk
750,pxl
751,pxm
752,pxn
753,pxo
754,pxp
755,pxq
756,pxr
757,pxs
758,pxt
759,pxu
760,pxv
761,pxw
762,pxx
763,pxy
764,pxz
765,pya
766,pyb
767,pyc
768,pyd
769,pye
770,pyf
771,pyg
772,pyh
773,pyi
774,pyj
775,pyk
776,pyl
777,pym
778,pyn
779,pyo
780,pyp
781,pyq
782,pyr
783,pys
784,pyt
785,pyu
786,pyv
787,pyw
788,pyx
789,pyy
790,pyz
791,pza
792,pzb
793,pzc
794,pzd
795,pze
796,pzf
797,pzg
798,pzh
799,pzi
800,pzj
801,pzk
802,pzl
803,pzm
804,pzn
805,pzo
806,pzp
807,pzq
808,pzr
809,pzs
810,pzt
811,pzu
812,pzv
813,pzw
814,pzx
815,pzy
816,pzz
817,qaa
818,qab
819,qac
820,qad
821,qae
822,qaf
823,qag
824,qah
825,qai
826,qaj
827,qak
828,qal
829,qam
830,qan
831,qao
832,qap
833,qaq
834,qar
835,qas
836,qat
837,qau
838,qav
839,qaw
840,qax
841,qay
842,qaz
843,qba
844,qbb
845,qbc
846,qbd
847,qbe
848,qbf
849,qbg
850,qbh
851,qbi
852,qbj
853,qbk
854,qbl
855,qbm
856,qbn
857,qbo
858,qbp
859,qbq
860,qbr
861,qbs
862,qbt
863,qbu
864,qbv
865,qbw
866,qbx
867,qby
868,qbz
869,qca
870,qcb
871,qcc
872,qcd
873,qce
874,qcf
875,qcg
876,qch
877,qci
878,qcj
879,qck
880,qcl
881,qcm
882,qcn
883,qco
884,qcp
885,qcq
886,qcr
887,qcs
888,qct
889,qcu
890,qcv
891,qcw
892,qcx
893,qcy
894,qcz
895,qda
896,qdb
897,qdc
898,qdd
899,qde
900,qdf
901,qdg
902,qdh
903,qdi
904,qdj
905,qdk
906,qdl
907,qdm
908,qdn
909,qdo
910,qdp
911,qdq
912,qdr
913,qds
914,qdt
915,qdu
916,qdv
917,qdw
918,qdx
919,qdy
920,qdz
921,qea
922,qeb
923,qec
924,qed
925,qee
926,qef
927,qeg
928,qeh
929,qei
930,qej
931,qek
932,qel
933,qem
934,qen
935,qeo
936,qep
937,qeq
938,qer
939,qes
940,qet
941,qeu
942,qev
943,qew
944,qex
945,qey
946,qez
947,qfa
948,qfb
949,qfc
950,qfd
951,qfe
952,qff
953,qfg
954,qfh
955,qfi
956,qfj
957,qfk
958,qfl
959,qfm
960,qfn
961,qfo
962,qfp
963,qfq
964,qfr
965,qfs
966,qft
967,qfu
968,qfv
969,qfw
970,qfx
971,qfy
972,qfz
973,qga
974,qgb
975,qgc
976,qgd
977,qge
978,qgf
979,qgg
980,qgh
981,qgi
982,qgj
983,qgk
984,qgl
985,qgm
986,qgn
987,qgo
988,qgp
989,qgq
990,qgr
991,qgs
992,qgt
993,qgu
994,qgv
995,qgw
996,qgx
997,qgy
998,qgz
999,qha
1000,qhb
1001,qhc
1002,qhd
1003,qhe
1004,qhf
1005,qhg
1006,qhh
1007,qhi
1008,qhj
1009,qhk
1010,qhl
1011,qhm
1012,qhn
1013,qho
1014,qhp
1015,qhq
1016,qhr
1017,qhs
1018,qht
1019,qhu
1020,qhv
1021,qhw
1022,qhx
1023,qhy
1024,qhz
1025,qia
1026,qib
1027,qic
1028,qid
1029,qie
1030,qif
1031,qig
1032,qih
1033,qii
1034,qij
1035,qik
1036,qil
1037,qim
1038,qin
1039,qio
1040,qip
1041,qiq
1042,qir
1043,qis
1044,qit
1045,qiu
1046,qiv
1047,qiw
1048,qix
1049,qiy
1050,qiz
1051,qja
1052,qjb
1053,qjc
1054,qjd
1055,qje
1056,qjf
1057,qjg
1058,qjh
1059,qji
1060,qjj
1061,qjk
1062,qjl
1063,qjm
1064,qjn
1065,qjo
1066,qjp
1067,qjq
1068,qjr
1069,qjs
1070,qjt
1071,qju
1072,qjv
1073,qjw
1074,qjx
1075,qjy
1076,qjz
1077,qka
1078,qkb
1079,qkc
1080,qkd
1081,qke
1082,qkf
1083,qkg
1084,qkh
1085,qki
1086,qkj
1087,qkk
1088,qkl
1089,qkm
1090,qkn
1091,qko
1092,qkp
1093,qkq
1094,qkr
1095,qks
1096,qkt
1097,qku
1098,qkv
1099,qkw
1100,qkx
1101,qky
1102,qkz
1103,qla
1104,qlb
1105,qlc
1106,qld
1107,qle
1108,qlf
1109,qlg
1110,qlh
1111,qli
1112,qlj
1113,qlk
1114,qll
1115,qlm
1116,qln
1117,qlo
1118,qlp
1119,qlq
1120,qlr
1121,qls
1122,qlt
1123,qlu
1124,qlv
1125,qlw
1126,qlx
1127,qly
1128,qlz
1129,qma
1130,qmb
1131,qmc
1132,qmd
1133,qme
1134,qmf
1135,qmg
1136,qmh
1137,qmi
1138,qmj
1139,qmk
1140,qml
1141,qmm
1142,qmn
1143,qmo
1144,qmp
1145,qmq
1146,qmr
1147,qms
1148,qmt
1149,qmu
1150,qmv
1151,qmw
1152,qmx
1153,qmy
1154,qmz
1155,qna
1156,qnb
1157,qnc
1158,qnd
1159,qne
1160,qnf
1161,qng
1162,qnh
1163,qni
1164,qnj
1165,qnk
1166,qnl
1167,qnm
1168,qnn
1169,qno
1170,qnp
1171,qnq
1172,qnr
1173,qns
1174,qnt
1175,qnu
1176,qnv
1177,qnw
1178,qnx
1179,qny
1180,qnz
1181,qoa
1182,qob
1183,qoc
1184,qod
1185,qoe
1186,qof
1187,qog
1188,qoh
1189,qoi
1190,qoj
1191,qok
1192,qol
1193,qom
1194,qon
1195,qoo
1196,qop
1197,qoq
1198,qor
1199,qos
1200,qot
1201,qou
1202,qov
1203,qow
1204,qox
1205,qoy
1206,qoz
1207,qpa
1208,qpb
1209,qpc
1210,qpd
1211,qpe
1212,qpf
1213,qpg
1214,qph
1215,qpi
1216,qpj
1217,qpk
1218,qpl
1219,qpm
1220,qpn
1221,qpo
1222,qpp
1223,qpq
1224,qpr
1225,qps
1226,qpt
1227,qpu
1228,qpv
1229,qpw
1230,qpx
1231,qpy
1232,qpz
1233,qqa
1234,qqb
1235,qqc
1236,qqd
1237,qqe
1238,qqf
1239,qqg
1240,qqh
1241,qqi
1242,qqj
1243,qqk
1244,qql
1245,qqm
1246,qqn
1247,qqo
1248,qqp
1249,qqq
1250,qqr
1251,qqs
1252,qqt
1253,qqu
1254,qqv
1255,qqw
1256,qqx
1257,qqy
1258,qqz
1259,qra
1260,qrb
1261,qrc
1262,qrd
1263,qre
1264,qrf
1265,qrg
1266,qrh
1267,qri
1268,qrj
1269,qrk
1270,qrl
1271,qrm
1272,qrn
1273,qro
1274,qrp
1275,qrq
1276,qrr
1277,qrs
1278,qrt
1279,qru
1280,qrv
1281,qrw
1282,qrx
1283,qry
1284,qrz
1285,qsa
1286,qsb
1287,qsc
1288,qsd
1289,qse
1290,qsf
1291,qsg
1292,qsh
1293,qsi
1294,qsj
1295,qsk
1296,qsl
1297,qsm
1298,qsn
1299,qso
1300,qsp
1301,qsq
1302,qsr
1303,qss
1304,qst
1305,qsu
1306,qsv
1307,qsw
1308,qsx
1309,qsy
1310,qsz
1311,qta
1312,qtb
1313,qtc
1314,qtd
1315,qte
1316,qtf
1317,qtg
1318,qth
1319,qti
1320,qtj
1321,qtk
1322,qtl
1323,qtm
1324,qtn
1325,qto
1326,qtp
1327,qtq
1328,qtr
1329,qts
1330,qtt
1331,qtu
1332,qtv
1333,qtw
1334,qtx
1335,qty
1336,qtz
1337,qua
1338,qub
1339,quc
1340,qud
1341,que
1342,quf
1343,qug
1344,quh
1345,qui
1346,quj
1347,quk
1348,qul
1349,qum
1350,qun
1351,quo
1352,qup
1353,quq
1354,qur
1355,qus
1356,qut
1357,quu
1358,quv
1359,quw
1360,qux
1361,quy
1362,quz
1363,qva
1364,qvb
1365,qvc
1366,qvd
1367,qve
1368,qvf
1369,qvg
1370,qvh
1371,qvi
1372,qvj
1373,qvk
1374,qvl
1375,qvm
1376,qvn
1377,qvo
1378,qvp
1379,qvq
1380,qvr
1381,qvs
1382,qvt
1383,qvu
1384,qvv
1385,qvw
1386,qvx
1387,qvy
1388,qvz
1389,qwa
1390,qwb
1391,qwc
1392,qwd
1393,qwe
1394,qwf
1395,qwg
1396,qwh
1397,qwi
1398,qwj
1399,qwk
1400,qwl
1401,qwm
1402,qwn
1403,qwo
1404,qwp
1405,qwq
1406,qwr
1407,qws
1408,qwt
1409,qwu
1410,qwv
1411,qww
1412,qwx
1413,qwy
1414,qwz
1415,qxa
1416,qxb
1417,qxc
1418,qxd
1419,qxe
1420,qxf
1421,qxg
1422,qxh
1423,qxi
1424,qxj
1425,qxk
1426,qxl
1427,qxm
1428,qxn
1429,qxo
1430,qxp
1431,qxq
1432,qxr
1433,qxs
1434,qxt
1435,qxu
1436,qxv
1437,qxw
1438,qxx
1439,qxy
1440,qxz
1441,qya
1442,qyb
1443,qyc
1444,qyd
1445,qye
1446,qyf
1447,qyg
1448,qyh
1449,qyi
1450,qyj
1451,qyk
1452,qyl
1453,qym
1454,qyn
1455,qyo
1456,qyp
1457,qyq
1458,qyr
1459,qys
1460,qyt
1461,qyu
1462,qyv
1463,qyw
1464,qyx
1465,qyy
1466,qyz
1467,qza
1468,qzb
1469,qzc
1470,qzd
1471,qze
1472,qzf
1473,qzg
1474,qzh
1475,qzi
1476,qzj
1477,qzk
1478,qzl
1479,qzm
1480,qzn
1481,qzo
1482,qzp
1483,qzq
1484,qzr
1485,qzs
1486,qzt
1487,qzu
1488,qzv
1489,qzw
1490,qzx
1491,qzy
1492,qzz
1493,raa
1494,rab
1495,rac
1496,rad
1497,rae
1498,raf
1499,rag
1500,rah
1501,rai
1502,raj
1503,rak
1504,ral
1505,ram
1506,ran
1507,rao
1508,rap
1509,raq
1510,rar
1511,ras
1512,rat
1513,rau
1514,rav
1515,raw
1516,rax
1517,ray
1518,raz
1519,rba
1520,rbb
1521,rbc
1522,rbd
1523,rbe
1524,rbf
1525,rbg
1526,rbh
1527,rbi
1528,rbj
1529,rbk
1530,rbl
1531,rbm
1532,rbn
1533,rbo
1534,rbp
1535,rbq
1536,rbr
1537,rbs
1538,rbt
1539,rbu
1540,rbv
1541,rbw
1542,rbx
1543,rby
1544,rbz
1545,rca
1546,rcb
1547,rcc
1548,rcd
1549,rce
1550,rcf
1551,rcg
1552,rch
1553,rci
1554,rcj
1555,rck
1556,rcl
1557,rcm
1558,rcn
1559,rco
1560,rcp
1561,rcq
1562,rcr
1563,rcs
1564,rct
1565,rcu
1566,rcv
1567,rcw
1568,rcx
1569,rcy
1570,rcz
1571,rda
1572,rdb
1573,rdc
1574,rdd
1575,rde
1576,rdf
1577,rdg
1578,rdh
1579,rdi
1580,rdj
1581,rdk
1582,rdl
1583,rdm
1584,rdn
1585,rdo
1586,rdp
1587,rdq
1588,rdr
1589,rds
1590,rdt
1591,rdu
1592,rdv
1593,rdw
1594,rdx
1595,rdy
1596,rdz
1597,rea
1598,reb
1599,rec
1600,red
1601,ree
1602,ref
1603,reg
1604,reh
1605,rei
1606,rej
1607,rek
1608,rel
1609,rem
1610,ren
1611,reo
1612,rep
1613,req
1614,rer
1615,res
1616,ret
1617,reu
1618,rev
1619,rew
1620,rex
1621,rey
1622,rez
1623,rfa
1624,rfb
1625,rfc
1626,rfd
1627,rfe
1628,rff
1629,rfg
1630,rfh
1631,rfi
1632,rfj
1633,rfk
1634,rfl
1635,rfm
1636,rfn
1637,rfo
1638,rfp
1639,rfq
1640,rfr
1641,rfs
1642,rft
1643,rfu
1644,rfv
1645,rfw
1646,rfx
1647,rfy
1648,rfz
1649,rga
1650,rgb
1651,rgc
1652,rgd
1653,rge
1654,rgf
1655,rgg
1656,rgh
1657,rgi
1658,rgj
1659,rgk
1660,rgl
1661,rgm
1662,rgn
1663,rgo
1664,rgp
1665,rgq
1666,rgr
1667,rgs
1668,rgt
1669,rgu
1670,rgv
1671,rgw
1672,rgx
1673,rgy
1674,rgz
1675,rha
1676,rhb
1677,rhc
1678,rhd
1679,rhe
1680,rhf
1681,rhg
1682,rhh
1683,rhi
1684,rhj
1685,rhk
1686,rhl
1687,rhm
1688,rhn
1689,rho
1690,rhp
1691,rhq
1692,rhr
1693,rhs
1694,rht
1695,rhu
1696,rhv
1697,rhw
1698,rhx
1699,rhy
1700,rhz
1701,ria
1702,rib
1703,ric
1704,rid
1705,rie
1706,rif
1707,rig
1708,rih
1709,rii
1710,rij
1711,rik
1712,ril
1713,rim
1714,rin
1715,rio
1716,rip
1717,riq
1718,rir
1719,ris
1720,rit
1721,riu
1722,riv
1723,riw
1724,rix
1725,riy
1726,riz
1727,rja
1728,rjb
1729,rjc
1730,rjd
1731,rje
1732,rjf
1733,rjg
1734,rjh
1735,rji
1736,rjj
1737,rjk
1738,rjl
1739,rjm
1740,rjn
1741,rjo
1742,rjp
1743,rjq
1744,rjr
1745,rjs
1746,rjt
1747,rju
1748,rjv
1749,rjw
1750,rjx
1751,rjy
1752,rjz
1753,rka
1754,rkb
1755,rkc
1756,rkd
1757,rke
1758,rkf
1759,rkg
1760,rkh
1761,rki
1762,rkj
1763,rkk
1764,rkl
1765,rkm
1766,rkn
1767,rko
1768,rkp
1769,rkq
1770,rkr
1771,rks
1772,rkt
1773,rku
1774,rkv
1775,rkw
1776,rkx
1777,rky
1778,rkz
1779,rla
1780,rlb
1781,rlc
1782,rld
1783,rle
1784,rlf
1785,rlg
1786,rlh
1787,rli
1788,rlj
1789,rlk
1790,rll
1791,rlm
1792,rln
1793,rlo
1794,rlp
1795,rlq
1796,rlr
1797,rls
1798,rlt
1799,rlu
1800,rlv
1801,rlw
1802,rlx
1803,rly
1804,rlz
1805,rma
1806,rmb
1807,rmc
1808,rmd
1809,rme
1810,rmf
1811,rmg
1812,rmh
1813,rmi
1814,rmj
1815,rmk
1816,rml
1817,rmm
1818,rmn
1819,rmo
1820,rmp
1821,rmq
1822,rmr
1823,rms
1824,rmt
1825,rmu
1826,rmv
1827,rmw
1828,rmx
1829,rmy
1830,rmz
1831,rna
1832,rnb
1833,rnc
1834,rnd
1835,rne
1836,rnf
1837,rng
1838,rnh
1839,rni
1840,rnj
1841,rnk
1842,rnl
1843,rnm
1844,rnn
1845,rno
1846,rnp
1847,rnq
1848,rnr
1849,rns
1850,rnt
1851,rnu
1852,rnv
1853,rnw
1854,rnx
1855,rny
1856,rnz
1857,roa
1858,rob
1859,roc
1860,rod
1861,roe
1862,rof
1863,rog
1864,roh
1865,roi
1866,roj
1867,rok
1868,rol
1869,rom
1870,ron
1871,roo
1872,rop
1873,roq
1874,ror
1875,ros
1876,rot
1877,rou
1878,rov
1879,row
1880,rox
1881,roy
1882,roz
1883,rpa
1884,rpb
1885,rpc
1886,rpd
1887,rpe
1888,rpf
1889,rpg
1890,rph
1891,rpi
1892,rpj
1893,rpk
1894,rpl
1895,rpm
1896,rpn
1897,rpo
1898,rpp
1899,rpq
1900,rpr
1901,rps
1902,rpt
1903,rpu
1904,rpv
1905,rpw
1906,rpx
1907,rpy
1908,rpz
1909,rqa
1910,rqb
1911,rqc
1912,rqd
1913,rqe
1914,rqf
1915,rqg
1916,rqh
1917,rqi
1918,rqj
1919,rqk
1920,rql
1921,rqm
1922,rqn
1923,rqo
1924,rqp
1925,rqq
1926,rqr
1927,rqs
1928,rqt
1929,rqu
1930,rqv
1931,rqw
1932,rqx
1933,rqy
1934,rqz
1935,rra
1936,rrb
1937,rrc
1938,rrd
1939,rre
1940,rrf
1941,rrg
1942,rrh
1943,rri
1944,rrj
1945,rrk
1946,rrl
1947,rrm
1948,rrn
1949,rro
1950,rrp
1951,rrq
1952,rrr
1953,rrs
1954,rrt
1955,rru
1956,rrv
1957,rrw
1958,rrx
1959,rry
1960,rrz
1961,rsa
1962,rsb
1963,rsc
1964,rsd
1965,rse
1966,rsf
1967,rsg
1968,rsh
1969,rsi
1970,rsj
1971,rsk
1972,rsl
1973,rsm
1974,rsn
1975,rso
1976,rsp
1977,rsq
1978,rsr
1979,rss
1980,rst
1981,rsu
1982,rsv
1983,rsw
1984,rsx
1985,rsy
1986,rsz
1987,rta
1988,rtb
1989,rtc
1990,rtd
1991,rte
1992,rtf
1993,rtg
1994,rth
1995,rti
1996,rtj
1997,rtk
1998,rtl
1999,rtm
2000,rtn
2001,rto
2002,rtp
2003,rtq
2004,rtr
2005,rts
2006,rtt
2007,rtu
2008,rtv
2009,rtw
2010,rtx
2011,rty
2012,rtz
2013,rua
2014,rub
2015,ruc
2016,rud
2017,rue
2018,ruf
2019,rug
2020,ruh
2021,rui
2022,ruj
2023,ruk
2024,rul
2025,rum
2026,run
2027,ruo
2028,rup
2029,ruq
2030,rur
2031,rus
2032,rut
2033,ruu
2034,ruv
2035,ruw
2036,rux
2037,ruy
2038,ruz
2039,rva
2040,rvb
2041,rvc
2042,rvd
2043,rve
2044,rvf
2045,rvg
2046,rvh
2047,rvi
2048,rvj
2049,rvk
2050,rvl
2051,rvm
2052,rvn
2053,rvo
2054,rvp
2055,rvq
2056,rvr
2057,rvs
2058,rvt
2059,rvu
2060,rvv
2061,rvw
2062,rvx
2063,rvy
2064,rvz
2065,rwa
2066,rwb
2067,rwc
2068,rwd
2069,rwe
2070,rwf
2071,rwg
2072,rwh
2073,rwi
2074,rwj
2075,rwk
2076,rwl
2077,rwm
2078,rwn
2079,rwo
2080,rwp
2081,rwq
2082,rwr
2083,rws
2084,rwt
2085,rwu
2086,rwv
2087,rww
2088,rwx
2089,rwy
2090,rwz
2091,rxa
2092,rxb
2093,rxc
2094,rxd
2095,rxe
2096,rxf
2097,rxg
2098,rxh
2099,rxi
2100,rxj
2101,rxk
2102,rxl
2103,rxm
2104,rxn
2105,rxo
2106,rxp
2107,rxq
2108,rxr
2109,rxs
2110,rxt
2111,rxu
2112,rxv
2113,rxw
2114,rxx
2115,rxy
2116,rxz
2117,rya
2118,ryb
2119,ryc
2120,ryd
2121,rye
2122,ryf
2123,ryg
2124,ryh
2125,ryi
2126,ryj
2127,ryk
2128,ryl
2129,rym
2130,ryn
2131,ryo
2132,ryp
2133,ryq
2134,ryr
2135,rys
2136,ryt
2137,ryu
2138,ryv
2139,ryw
2140,ryx
2141,ryy
2142,ryz
2143,rza
2144,rzb
2145,rzc
2146,rzd
2147,rze
2148,rzf
2149,rzg
2150,rzh
2151,rzi
2152,rzj
2153,rzk
2154,rzl
2155,rzm
2156,rzn
2157,rzo
2158,rzp
2159,rzq
2160,rzr
2161,rzs
2162,rzt
2163,rzu
2164,rzv
2165,rzw
2166,rzx
2167,rzy
2168,rzz
2169,saa
2170,sab
2171,sac
2172,sad
2173,sae
2174,saf
2175,sag
2176,sah
2177,sai
2178,saj
2179,sak
2180,sal
2181,sam
2182,san
2183,sao
2184,sap
2185,saq
2186,sar
2187,sas
2188,sat
2189,sau
2190,sav
2191,saw
2192,sax
2193,say
2194,saz
2195,sba
2196,sbb
2197,sbc
2198,sbd
2199,sbe
2200,sbf
2201,sbg
2202,sbh
2203,sbi
2204,sbj
2205,sbk
2206,sbl
2207,sbm
2208,sbn
2209,sbo
2210,sbp
2211,sbq
2212,sbr
2213,sbs
2214,sbt
2215,sbu
2216,sbv
2217,sbw
2218,sbx
2219,sby
2220,sbz
2221,sca
2222,scb
2223,scc
2224,scd
2225,sce
2226,scf
2227,scg
2228,sch
2229,sci
2230,scj
2231,sck
2232,scl
2233,scm
2234,scn
2235,sco
2236,scp
2237,scq
2238,scr
2239,scs
2240,sct
2241,scu
2242,scv
2243,scw
2244,scx
2245,scy
2246,scz
2247,sda
2248,sdb
2249,sdc
2250,sdd
2251,sde
2252,sdf
2253,sdg
2254,sdh
2255,sdi
2256,sdj
2257,sdk
2258,sdl
2259,sdm
2260,sdn
2261,sdo
2262,sdp
2263,sdq
2264,sdr
2265,sds
2266,sdt
2267,sdu
2268,sdv
2269,sdw
2270,sdx
2271,sdy
2272,sdz
2273,sea
2274,seb
2275,sec
2276,sed
2277,see
2278,sef
2279,seg
2280,seh
2281,sei
2282,sej
2283,sek
2284,sel
2285,sem
2286,sen
2287,seo
2288,sep
2289,seq
2290,ser
2291,ses
2292,set
2293,seu
2294,sev
2295,sew
2296,sex
2297,sey
2298,sez
2299,sfa
2300,sfb
2301,sfc
2302,sfd
2303,sfe
2304,sff
2305,sfg
2306,sfh
2307,sfi
2308,sfj
2309,sfk
2310,sfl
2311,sfm
2312,sfn
2313,sfo
2314,sfp
2315,sfq
2316,sfr
2317,sfs
2318,sft
2319,sfu
2320,sfv
2321,sfw
2322,sfx
2323,sfy
2324,sfz
2325,sga
2326,sgb
2327,sgc
2328,sgd
2329,sge
2330,sgf
2331,sgg
2332,sgh
2333,sgi
2334,sgj
2335,sgk
2336,sgl
2337,sgm
2338,sgn
2339,sgo
2340,sgp
2341,sgq
2342,sgr
2343,sgs
2344,sgt
2345,sgu
2346,sgv
2347,sgw
2348,sgx
2349,sgy
2350,sgz
2351,sha
2352,shb
2353,shc
2354,shd
2355,she
2356,shf
2357,shg
2358,shh
2359,shi
2360,shj
2361,shk
2362,shl
2363,shm
2364,shn
2365,sho
2366,shp
2367,shq
2368,shr
2369,shs
2370,sht
2371,shu
2372,shv
2373,shw
2374,shx
2375,shy
2376,shz
2377,sia
2378,sib
2379,sic
2380,sid
2381,sie
2382,sif
2383,sig
2384,sih
2385,sii
2386,sij
2387,sik
2388,sil
2389,sim
2390,sin
2391,sio
2392,sip
2393,siq
2394,sir
2395,sis
2396,sit
2397,siu
2398,siv
2399,siw
2400,six
2401,siy
2402,siz
2403,sja
2404,sjb
2405,sjc
2406,sjd
2407,sje
2408,sjf
2409,sjg
2410,sjh
2411,sji
2412,sjj
2413,sjk
2414,sjl
2415,sjm
2416,sjn
2417,sjo
2418,sjp
2419,sjq
2420,sjr
2421,sjs
2422,sjt
2423,sju
2424,sjv
2425,sjw
2426,sjx
2427,sjy
2428,sjz
2429,ska
2430,skb
2431,skc
2432,skd
2433,ske
2434,skf
2435,skg
2436,skh
2437,ski
2438,skj
2439,skk
2440,skl
2441,skm
2442,skn
2443,sko
2444,skp
2445,skq
2446,skr
2447,sks
2448,skt
2449,sku
2450,skv
2451,skw
2452,skx
2453,sky
2454,skz
2455,sla
2456,slb
2457,slc
2458,sld
2459,sle
2460,slf
2461,slg
2462,slh
2463,sli
2464,slj
2465,slk
2466,sll
2467,slm
2468,sln
2469,slo
2470,slp
2471,slq
2472,slr
2473,sls
2474,slt
2475,slu
2476,slv
2477,slw
2478,slx
2479,sly
2480,slz
2481,sma
2482,smb
2483,smc
2484,smd
2485,sme
2486,smf
2487,smg
2488,smh
2489,smi
2490,smj
2491,smk
2492,sml
2493,smm
2494,smn
2495,smo
2496,smp
2497,smq
2498,smr
2499,sms
2500,smt
2501,smu
2502,smv
2503,smw
2504,smx
2505,smy
2506,smz
2507,sna
2508,snb
2509,snc
2510,snd
2511,sne
2512,snf
2513,sng
2514,snh
2515,sni
2516,snj
2517,snk
2518,snl
2519,snm
2520,snn
2521,sno
2522,snp
2523,snq
2524,snr
2525,sns
2526,snt
2527,snu
2528,snv
2529,snw
2530,snx
2531,sny
2532,snz
2533,soa
2534,sob
2535,soc
2536,sod
2537,soe
2538,sof
2539,sog
2540,soh
2541,soi
2542,soj
2543,sok
2544,sol
2545,som
2546,son
2547,soo
2548,sop
2549,soq
2550,sor
2551,sos
2552,sot
2553,sou
2554,sov
2555,sow
2556,sox
2557,soy
2558,soz
2559,spa
2560,spb
2561,spc
2562,spd
2563,spe
2564,spf
2565,spg
2566,sph
2567,spi
2568,spj
2569,spk
2570,spl
2571,spm
2572,spn
2573,spo
2574,spp
2575,spq
2576,spr
2577,sps
2578,spt
2579,spu
2580,spv
2581,spw
2582,spx
2583,spy
2584,spz
2585,sqa
2586,sqb
2587,sqc
2588,sqd
2589,sqe
2590,sqf
2591,sqg
2592,sqh
2593,sqi
2594,sqj
2595,sqk
2596,sql
2597,sqm
2598,sqn
2599,sqo
2600,sqp
2601,sqq
2602,sqr
2603,sqs
2604,sqt
2605,squ
2606,sqv
2607,sqw
2608,sqx
2609,sqy
2610,sqz
2611,sra
2612,srb
2613,src
2614,srd
2615,sre
2616,srf
2617,srg
2618,srh
2619,sri
2620,srj
2621,srk
2622,srl
2623,srm
2624,srn
2625,sro
2626,srp
2627,srq
2628,srr
2629,srs
2630,srt
2631,sru
2632,srv
2633,srw
2634,srx
2635,sry
2636,srz
2637,ssa
2638,ssb
2639,ssc
2640,ssd
2641,sse
2642,ssf
2643,ssg
2644,ssh
2645,ssi
2646,ssj
2647,ssk
2648,ssl
2649,ssm
2650,ssn
2651,sso
2652,ssp
2653,ssq
2654,ssr
2655,sss
2656,sst
2657,ssu
2658,ssv
2659,ssw
2660,ssx
2661,ssy
2662,ssz
2663,sta
2664,stb
2665,stc
2666,std
2667,ste
2668,stf
2669,stg
2670,sth
2671,sti
2672,stj
2673,stk
2674,stl
2675,stm
2676,stn
2677,sto
2678,stp
2679,stq
2680,str
2681,sts
2682,stt
2683,stu
2684,stv
2685,stw
2686,stx
2687,sty
2688,stz
2689,sua
2690,sub
2691,suc
2692,sud
2693,sue
2694,suf
2695,sug
2696,suh
2697,sui
2698,suj
2699,suk
2700,sul
2701,sum
2702,sun
2703,suo
2704,sup
2705,suq
2706,sur
2707,sus
2708,sut
2709,suu
2710,suv
2711,suw
2712,sux
2713,suy
2714,suz
2715,sva
2716,svb
2717,svc
2718,svd
2719,sve
2720,svf
2721,svg
2722,svh
2723,svi
2724,svj
2725,svk
2726,svl
2727,svm
2728,svn
2729,svo
2730,svp
2731,svq
2732,svr
2733,svs
2734,svt
2735,svu
2736,svv
2737,svw
2738,svx
2739,svy
2740,svz
2741,swa
2742,swb
2743,swc
2744,swd
2745,swe
2746,swf
2747,swg
2748,swh
2749,swi
2750,swj
2751,swk
2752,swl
2753,swm
2754,swn
2755,swo
2756,swp
2757,swq
2758,swr
2759,sws
2760,swt
2761,swu
2762,swv
2763,sww
2764,swx
2765,swy
2766,swz
2767,sxa
2768,sxb
2769,sxc
2770,sxd
2771,sxe
2772,sxf
2773,sxg
2774,sxh
2775,sxi
2776,sxj
2777,sxk
2778,sxl
2779,sxm
2780,sxn
2781,sxo
2782,sxp
2783,sxq
2784,sxr
2785,sxs
2786,sxt
2787,sxu
2788,sxv
2789,sxw
2790,sxx
2791,sxy
2792,sxz
2793,sya
2794,syb
2795,syc
2796,syd
2797,sye
2798,syf
2799,syg
2800,syh
2801,syi
2802,syj
2803,syk
2804,syl
2805,sym
2806,syn
2807,syo
2808,syp
2809,syq
2810,syr
2811,sys
2812,syt
2813,syu
2814,syv
2815,syw
2816,syx
2817,syy
2818,syz
2819,sza
2820,szb
2821,szc
2822,szd
2823,sze
2824,szf
2825,szg
2826,szh
2827,szi
2828,szj
2829,szk
2830,szl
2831,szm
2832,szn
2833,szo
2834,szp
2835,szq
2836,szr
2837,szs
2838,szt
2839,szu
2840,szv
2841,szw
2842,szx
2843,szy
2844,szz
2845,taa
2846,tab
2847,tac
2848,tad
2849,tae
2850,taf
2851,tag
2852,tah
2853,tai
2854,taj
2855,tak
2856,tal
2857,tam
2858,tan
2859,tao
2860,tap
2861,taq
2862,tar
2863,tas
2864,tat
2865,tau
2866,tav
2867,taw
2868,tax
2869,tay
2870,taz
2871,tba
2872,tbb
2873,tbc
2874,tbd
2875,tbe
2876,tbf
2877,tbg
2878,tbh
2879,tbi
2880,tbj
2881,tbk
2882,tbl
2883,tbm
2884,tbn
2885,tbo
2886,tbp
2887,tbq
2888,tbr
2889,tbs
2890,tbt
2891,tbu
2892,tbv
2893,tbw
2894,tbx
2895,tby
2896,tbz
2897,tca
2898,tcb
2899,tcc
2900,tcd
2901,tce
2902,tcf
2903,tcg
2904,tch
2905,tci
2906,tcj
2907,tck
2908,tcl
2909,tcm
2910,tcn
2911,tco
2912,tcp
2913,tcq
2914,tcr
2915,tcs
2916,tct
2917,tcu
2918,tcv
2919,tcw
2920,tcx
2921,tcy
2922,tcz
2923,tda
2924,tdb
2925,tdc
2926,tdd
2927,tde
2928,tdf
2929,tdg
2930,tdh
2931,tdi
2932,tdj
2933,tdk
2934,tdl
2935,tdm
2936,tdn
2937,tdo
2938,tdp
2939,tdq
2940,tdr
2941,tds
2942,tdt
2943,tdu
2944,tdv
2945,tdw
2946,tdx
2947,tdy
2948,tdz
2949,tea
2950,teb
2951,tec
2952,ted
2953,tee
2954,tef
2955,teg
2956,teh
2957,tei
2958,tej
2959,tek
2960,tel
2961,tem
2962,ten
2963,teo
2964,tep
2965,teq
2966,ter
2967,tes
2968,tet
2969,teu
2970,tev
2971,tew
2972,tex
2973,tey
2974,tez
2975,tfa
2976,tfb
2977,tfc
2978,tfd
2979,tfe
2980,tff
2981,tfg
2982,tfh
2983,tfi
2984,tfj
2985,tfk
2986,tfl
2987,tfm
2988,tfn
2989,tfo
2990,tfp
2991,tfq
2992,tfr
2993,tfs
2994,tft
2995,tfu
2996,tfv
2997,tfw
2998,tfx
2999,tfy
3000,tfz
3001,tga
3002,tgb
3003,tgc
3004,tgd
3005,tge
3006,tgf
3007,tgg
3008,tgh
3009,tgi
3010,tgj
3011,tgk
3012,tgl
3013,tgm
3014,tgn
3015,tgo
3016,tgp
3017,tgq
3018,tgr
3019,tgs
3020,tgt
3021,tgu
3022,tgv
3023,tgw
3024,tgx
3025,tgy
3026,tgz
3027,tha
3028,thb
3029,thc
3030,thd
3031,the
3032,thf
3033,thg
3034,thh
3035,thi
3036,thj
3037,thk
3038,thl
3039,thm
3040,thn
3041,tho
3042,thp
3043,thq
3044,thr
3045,ths
3046,tht
3047,thu
3048,thv
3049,thw
3050,thx
3051,thy
3052,thz
3053,tia
3054,tib
3055,tic
3056,tid
3057,tie
3058,tif
3059,tig
3060,tih
3061,tii
3062,tij
3063,tik
3064,til
3065,tim
3066,tin
3067,tio
3068,tip
3069,tiq
3070,tir
3071,tis
3072,tit
3073,tiu
3074,tiv
3075,tiw
3076,tix
3077,tiy
3078,tiz
3079,tja
3080,tjb
3081,tjc
3082,tjd
3083,tje
3084,tjf
3085,tjg
3086,tjh
3087,tji
3088,tjj
3089,tjk
3090,tjl
3091,tjm
3092,tjn
3093,tjo
3094,tjp
3095,tjq
3096,tjr
3097,tjs
3098,tjt
3099,tju
3100,tjv
3101,tjw
3102,tjx
3103,tjy
3104,tjz
3105,tka
3106,tkb
3107,tkc
3108,tkd
3109,tke
3110,tkf
3111,tkg
3112,tkh
3113,tki
3114,tkj
3115,tkk
3116,tkl
3117,tkm
3118,tkn
3119,tko
3120,tkp
3121,tkq
3122,tkr
3123,tks
3124,tkt
3125,tku
3126,tkv
3127,tkw
3128,tkx
3129,tky
3130,tkz
3131,tla
3132,tlb
3133,tlc
3134,tld
3135,tle
3136,tlf
3137,tlg
3138,tlh
3139,tli
3140,tlj
3141,tlk
3142,tll
3143,tlm
3144,tln
3145,tlo
3146,tlp
3147,tlq
3148,tlr
3149,tls
3150,tlt
3151,tlu
3152,tlv
3153,tlw
3154,tlx
3155,tly
3156,tlz
3157,tma
3158,tmb
3159,tmc
3160,tmd
3161,tme
3162,tmf
3163,tmg
3164,tmh
3165,tmi
3166,tmj
3167,tmk
3168,tml
3169,tmm
3170,tmn
3171,tmo
3172,tmp
3173,tmq
3174,tmr
3175,tms
3176,tmt
3177,tmu
3178,tmv
3179,tmw
3180,tmx
3181,tmy
3182,tmz
3183,tna
3184,tnb
3185,tnc
3186,tnd
3187,tne
3188,tnf
3189,tng
3190,tnh
3191,tni
3192,tnj
3193,tnk
3194,tnl
3195,tnm
3196,tnn
3197,tno
3198,tnp
3199,tnq
3200,tnr
3201,tns
3202,tnt
3203,tnu
3204,tnv
3205,tnw
3206,tnx
3207,tny
3208,tnz
3209,toa
3210,tob
3211,toc
3212,tod
3213,toe
3214,tof
3215,tog
3216,toh
3217,toi
3218,toj
3219,tok
3220,tol
3221,tom
3222,ton
3223,too
3224,top
3225,toq
3226,tor
3227,tos
3228,tot
3229,tou
3230,tov
3231,tow
3232,tox
3233,toy
3234,toz
3235,tpa
3236,tpb
3237,tpc
3238,tpd
3239,tpe
3240,tpf
3241,tpg
3242,tph
3243,tpi
3244,tpj
3245,tpk
3246,tpl
3247,tpm
3248,tpn
3249,tpo
3250,tpp
3251,tpq
3252,tpr
3253,tps
3254,tpt
3255,tpu
3256,tpv
3257,tpw
3258,tpx
3259,tpy
3260,tpz
3261,tqa
3262,tqb
3263,tqc
3264,tqd
3265,tqe
3266,tqf
3267,tqg
3268,tqh
3269,tqi
3270,tqj
3271,tqk
3272,tql
3273,tqm
3274,tqn
3275,tqo
3276,tqp
3277,tqq
3278,tqr
3279,tqs
3280,tqt
3281,tqu
3282,tqv
3283,tqw
3284,tqx
3285,tqy
3286,tqz
3287,tra
3288,trb
3289,trc
3290,trd
3291,tre
3292,trf
3293,trg
3294,trh
3295,tri
3296,trj
3297,trk
3298,trl
3299,trm
3300,trn
3301,tro
3302,trp
3303,trq
3304,trr
3305,trs
3306,trt
3307,tru
3308,trv
3309,trw
3310,trx
3311,try
3312,trz
3313,tsa
3314,tsb
3315,tsc
3316,tsd
3317,tse
3318,tsf
3319,tsg
3320,tsh
3321,tsi
3322,tsj
3323,tsk
3324,tsl
3325,tsm
3326,tsn
3327,tso
3328,tsp
3329,tsq
3330,tsr
3331,tss
3332,tst
3333,tsu
3334,tsv
3335,tsw
3336,tsx
3337,tsy
3338,tsz
3339,tta
3340,ttb
3341,ttc
3342,ttd
3343,tte
3344,ttf
3345,ttg
3346,tth
3347,tti
3348,ttj
3349,ttk
3350,ttl
3351,ttm
3352,ttn
3353,tto
3354,ttp
3355,ttq
3356,ttr
3357,tts
3358,ttt
3359,ttu
3360,ttv
3361,ttw
3362,ttx
3363,tty
3364,ttz
3365,tua
3366,tub
3367,tuc
3368,tud
3369,tue
3370,tuf
3371,tug
3372,tuh
3373,tui
3374,tuj
3375,tuk
3376,tul
3377,tum
3378,tun
3379,tuo
3380,tup
3381,tuq
3382,tur
3383,tus
3384,tut
3385,tuu
3386,tuv
3387,tuw
3388,tux
3389,tuy
3390,tuz
3391,tva
3392,tvb
3393,tvc
3394,tvd
3395,tve
3396,tvf
3397,tvg
3398,tvh
3399,tvi
3400,tvj
3401,tvk
3402,tvl
3403,tvm
3404,tvn
3405,tvo
3406,tvp
3407,tvq
3408,tvr
3409,tvs
3410,tvt
3411,tvu
3412,tvv
3413,tvw
3414,tvx
3415,tvy
3416,tvz
3417,twa
3418,twb
3419,twc
3420,twd
3421,twe
3422,twf
3423,twg
3424,twh
3425,twi
3426,twj
3427,twk
3428,twl
3429,twm
3430,twn
3431,two
3432,twp
3433,twq
3434,twr
3435,tws
3436,twt
3437,twu
3438,twv
3439,tww
3440,twx
3441,twy
3442,twz
3443,txa
3444,txb
3445,txc
3446,txd
3447,txe
3448,txf
3449,txg
3450,txh
3451,txi
3452,txj
3453,txk
3454,txl
3455,txm
3456,txn
3457,txo
3458,txp
3459,txq
3460,txr
3461,txs
3462,txt
3463,txu
3464,txv
3465,txw
3466,txx
3467,txy
3468,txz
3469,tya
3470,tyb
3471,tyc
3472,tyd
3473,tye
3474,tyf
3475,tyg
3476,tyh
3477,tyi
3478,tyj
3479,tyk
3480,tyl
3481,tym
3482,tyn
3483,tyo
3484,typ
3485,tyq
3486,tyr
3487,tys
3488,tyt
3489,tyu
3490,tyv
3491,tyw
3492,tyx
3493,tyy
3494,tyz
3495,tza
3496,tzb
3497,tzc
3498,tzd
3499,tze
3500,tzf
3501,tzg
3502,tzh
3503,tzi
3504,tzj
3505,tzk
3506,tzl
3507,tzm
3508,tzn
3509,tzo
3510,tzp
3511,tzq
3512,tzr
3513,tzs
3514,tzt
3515,tzu
3516,tzv
3517,tzw
3518,tzx
3519,tzy
3520,tzz
3521,uaa
3522,uab
3523,uac
3524,uad
3525,uae
3526,uaf
3527,uag
3528,uah
3529,uai
3530,uaj
3531,uak
3532,ual
3533,uam
3534,uan
3535,uao
3536,uap
3537,uaq
3538,uar
3539,uas
3540,uat
3541,uau
3542,uav
3543,uaw
3544,uax
3545,uay
3546,uaz
3547,uba
3548,ubb
3549,ubc
3550,ubd
3551,ube
3552,ubf
3553,ubg
3554,ubh
3555,ubi
3556,ubj
3557,ubk
3558,ubl
3559,ubm
3560,ubn
3561,ubo
3562,ubp
3563,ubq
3564,ubr
3565,ubs
3566,ubt
3567,ubu
3568,ubv
3569,ubw
3570,ubx
3571,uby
3572,ubz
3573,uca
3574,ucb
3575,ucc
3576,ucd
3577,uce
3578,ucf
3579,ucg
3580,uch
3581,uci
3582,ucj
3583,uck
3584,ucl
3585,ucm
3586,ucn
3587,uco
3588,ucp
3589,ucq
3590,ucr
3591,ucs
3592,uct
3593,ucu
3594,ucv
3595,ucw
3596,ucx
3597,ucy
3598,ucz
3599,uda
3600,udb
3601,udc
3602,udd
3603,ude
3604,udf
3605,udg
3606,udh
3607,udi
3608,udj
3609,udk
3610,udl
3611,udm
3612,udn
3613,udo
3614,udp
3615,udq
3616,udr
3617,uds
3618,udt
3619,udu
3620,udv
3621,udw
3622,udx
3623,udy
3624,udz
3625,uea
3626,ueb
3627,uec
3628,ued
3629,uee
3630,uef
3631,ueg
3632,ueh
3633,uei
3634,uej
3635,uek
3636,uel
3637,uem
3638,uen
3639,ueo
3640,uep
3641,ueq
3642,uer
3643,ues
3644,uet
3645,ueu
3646,uev
3647,uew
3648,uex
3649,uey
3650,uez
3651,ufa
3652,ufb
3653,ufc
3654,ufd
3655,ufe
3656,uff
3657,ufg
3658,ufh
3659,ufi
3660,ufj
3661,ufk
3662,ufl
3663,ufm
3664,ufn
3665,ufo
3666,ufp
3667,ufq
3668,ufr
3669,ufs
3670,uft
3671,ufu
3672,ufv
3673,ufw
3674,ufx
3675,ufy
3676,ufz
3677,uga
3678,ugb
3679,ugc
3680,ugd
3681,uge
3682,ugf
3683,ugg
3684,ugh
3685,ugi
3686,ugj
3687,ugk
3688,ugl
3689,ugm
3690,ugn
3691,ugo
3692,ugp
3693,ugq
3694,ugr
3695,ugs
3696,ugt
3697,ugu
3698,ugv
3699,ugw
3700,ugx
3701,ugy
3702,ugz
3703,uha
3704,uhb
3705,uhc
3706,uhd
3707,uhe
3708,uhf
3709,uhg
3710,uhh
3711,uhi
3712,uhj
3713,uhk
3714,uhl
3715,uhm
3716,uhn
3717,uho
3718,uhp
3719,uhq
3720,uhr
3721,uhs
3722,uht
3723,uhu
3724,uhv
3725,uhw
3726,uhx
3727,uhy
3728,uhz
3729,uia
3730,uib
3731,uic
3732,uid
3733,uie
3734,uif
3735,uig
3736,uih
3737,uii
3738,uij
3739,uik
3740,uil
3741,uim
3742,uin
3743,uio
3744,uip
3745,uiq
3746,uir
3747,uis
3748,uit
3749,uiu
3750,uiv
3751,uiw
3752,uix
3753,uiy
3754,uiz
3755,uja
3756,ujb
3757,ujc
3758,ujd
3759,uje
3760,ujf
3761,ujg
3762,ujh
3763,uji
3764,ujj
3765,ujk
3766,ujl
3767,ujm
3768,ujn
3769,ujo
3770,ujp
3771,ujq
3772,ujr
3773,ujs
3774,ujt
3775,uju
3776,ujv
3777,ujw
3778,ujx
3779,ujy
3780,ujz
3781,uka
3782,ukb
3783,ukc
3784,ukd
3785,uke
3786,ukf
3787,ukg
3788,ukh
3789,uki
3790,ukj
3791,ukk
3792,ukl
3793,ukm
3794,ukn
3795,uko
3796,ukp
3797,ukq
3798,ukr
3799,uks
3800,ukt
3801,uku
3802,ukv
3803,ukw
3804,ukx
3805,uky
3806,ukz
3807,ula
3808,ulb
3809,ulc
3810,uld
3811,ule
3812,ulf
3813,ulg
3814,ulh
3815,uli
3816,ulj
3817,ulk
3818,ull
3819,ulm
3820,uln
3821,ulo
3822,ulp
3823,ulq
3824,ulr
3825,uls
3826,ult
3827,ulu
3828,ulv
3829,ulw
3830,ulx
3831,uly
3832,ulz
3833,uma
3834,umb
3835,umc
3836,umd
3837,ume
3838,umf
3839,umg
3840,umh
3841,umi
3842,umj
3843,umk
3844,uml
3845,umm
3846,umn
3847,umo
3848,ump
3849,umq
3850,umr
3851,ums
3852,umt
3853,umu
3854,umv
3855,umw
3856,umx
3857,umy
3858,umz
3859,una
3860,unb
3861,unc
3862,und
3863,une
3864,unf
3865,ung
3866,unh
3867,uni
3868,unj
3869,unk
3870,unl
3871,unm
3872,unn
3873,uno
3874,unp
3875,unq
3876,unr
3877,uns
3878,unt
3879,unu
3880,unv
3881,unw
3882,unx
3883,uny
3884,unz
3885,uoa
3886,uob
3887,uoc
3888,uod
3889,uoe
3890,uof
3891,uog
3892,uoh
3893,uoi
3894,uoj
3895,uok
3896,uol
3897,uom
3898,uon
3899,uoo
3900,uop
3901,uoq
3902,uor
3903,uos
3904,uot
3905,uou
3906,uov
3907,uow
3908,uox
3909,uoy
3910,uoz
3911,upa
3912,upb
3913,upc
3914,upd
3915,upe
3916,upf
3917,upg
3918,uph
3919,upi
3920,upj
3921,upk
3922,upl
3923,upm
3924,upn
3925,upo
3926,upp
3927,upq
3928,upr
3929,ups
3930,upt
3931,upu
3932,upv
3933,upw
3934,upx
3935,upy
3936,upz
3937,uqa
3938,uqb
3939,uqc
3940,uqd
3941,uqe
3942,uqf
3943,uqg
3944,uqh
3945,uqi
3946,uqj
3947,uqk
3948,uql
3949,uqm
3950,uqn
3951,uqo
3952,uqp
3953,uqq
3954,uqr
3955,uqs
3956,uqt
3957,uqu
3958,uqv
3959,uqw
3960,uqx
3961,uqy
3962,uqz
3963,ura
3964,urb
3965,urc
3966,urd
3967,ure
3968,urf
3969,urg
3970,urh
3971,uri
3972,urj
3973,urk
3974,url
3975,urm
3976,urn
3977,uro
3978,urp
3979,urq
3980,urr
3981,urs
3982,urt
3983,uru
3984,urv
3985,urw
3986,urx
3987,ury
3988,urz
3989,usa
3990,usb
3991,usc
3992,usd
3993,use
3994,usf
3995,usg
3996,ush
3997,usi
3998,usj
3999,usk
4000,usl
4001,usm
4002,usn
4003,uso
4004,usp
4005,usq
4006,usr
4007,uss
4008,ust
4009,usu
4010,usv
4011,usw
4012,usx
4013,usy
4014,usz
4015,uta
4016,utb
4017,utc
4018,utd
4019,ute
4020,utf
4021,utg
4022,uth
4023,uti
4024,utj
4025,utk
4026,utl
4027,utm
4028,utn
4029,uto
4030,utp
4031,utq
4032,utr
4033,uts
4034,utt
4035,utu
4036,utv
4037,utw
4038,utx
4039,uty
4040,utz
4041,uua
4042,uub
4043,uuc
4044,uud
4045,uue
4046,uuf
4047,uug
4048,uuh
4049,uui
4050,uuj
4051,uuk
4052,uul
4053,uum
4054,uun
4055,uuo
4056,uup
4057,uuq
4058,uur
4059,uus
4060,uut
4061,uuu
4062,uuv
4063,uuw
4064,uux
4065,uuy
4066,uuz
4067,uva
4068,uvb
4069,uvc
4070,uvd
4071,uve
4072,uvf
4073,uvg
4074,uvh
4075,uvi
4076,uvj
4077,uvk
4078,uvl
4079,uvm
4080,uvn
4081,uvo
4082,uvp
4083,uvq
4084,uvr
4085,uvs
4086,uvt
4087,uvu
4088,uvv
4089,uvw
4090,uvx
4091,uvy
4092,uvz
4093,uwa
4094,uwb
4095,uwc
4096,uwd
4097,uwe
4098,uwf
4099,uwg
4100,uwh
4101,uwi
4102,uwj
4103,uwk
4104,uwl
4105,uwm
4106,uwn
4107,uwo
4108,uwp
4109,uwq
4110,uwr
4111,uws
4112,uwt
4113,uwu
4114,uwv
4115,uww
4116,uwx
4117,uwy
4118,uwz
4119,uxa
4120,uxb
4121,uxc
4122,uxd
4123,uxe
4124,uxf
4125,uxg
4126,uxh
4127,uxi
4128,uxj
4129,uxk
4130,uxl
4131,uxm
4132,uxn
4133,uxo
4134,uxp
4135,uxq
4136,uxr
4137,uxs
4138,uxt
4139,uxu
4140,uxv
4141,uxw
4142,uxx
4143,uxy
4144,uxz
4145,uya
4146,uyb
4147,uyc
4148,uyd
4149,uye
4150,uyf
4151,uyg
4152,uyh
4153,uyi
4154,uyj
4155,uyk
4156,uyl
4157,uym
4158,uyn
4159,uyo
4160,uyp
4161,uyq
4162,uyr
4163,uys
4164,uyt
4165,uyu
4166,uyv
4167,uyw
4168,uyx
4169,uyy
4170,uyz
4171,uza
4172,uzb
4173,uzc
4174,uzd
4175,uze
4176,uzf
4177,uzg
4178,uzh
4179,uzi
4180,uzj
4181,uzk
4182,uzl
4183,uzm
4184,uzn
4185,uzo
4186,uzp
4187,uzq
4188,uzr
4189,uzs
4190,uzt
4191,uzu
4192,uzv
4193,uzw
4194,uzx
4195,uzy
4196,uzz
4197,vaa
4198,vab
4199,vac
4200,vad
4201,vae
4202,vaf
4203,vag
4204,vah
4205,vai
4206,vaj
4207,vak
4208,val
4209,vam
4210,van
4211,vao
4212,vap
4213,vaq
4214,var
4215,vas
4216,vat
4217,vau
4218,vav
4219,vaw
4220,vax
4221,vay
4222,vaz
4223,vba
4224,vbb
4225,vbc
4226,vbd
4227,vbe
4228,vbf
4229,vbg
4230,vbh
4231,vbi
4232,vbj
4233,vbk
4234,vbl
4235,vbm
4236,vbn
4237,vbo
4238,vbp
4239,vbq
4240,vbr
4241,vbs
4242,vbt
4243,vbu
4244,vbv
4245,vbw
4246,vbx
4247,vby
4248,vbz
4249,vca
4250,vcb
4251,vcc
4252,vcd
4253,vce
4254,vcf
4255,vcg
4256,vch
4257,vci
4258,vcj
4259,vck
4260,vcl
4261,vcm
4262,vcn
4263,vco
4264,vcp
4265,vcq
4266,vcr
4267,vcs
4268,vct
4269,vcu
4270,vcv
4271,vcw
4272,vcx
4273,vcy
4274,vcz
4275,vda
4276,vdb
4277,vdc
4278,vdd
4279,vde
4280,vdf
4281,vdg
4282,vdh
4283,vdi
4284,vdj
4285,vdk
4286,vdl
4287,vdm
4288,vdn
4289,vdo
4290,vdp
4291,vdq
4292,vdr
4293,vds
4294,vdt
4295,vdu
4296,vdv
4297,vdw
4298,vdx
4299,vdy
4300,vdz
4301,vea
4302,veb
4303,vec
4304,ved
4305,vee
4306,vef
4307,veg
4308,veh
4309,vei
4310,vej
4311,vek
4312,vel
4313,vem
4314,ven
4315,veo
4316,vep
4317,veq
4318,ver
4319,ves
4320,vet
4321,veu
4322,vev
4323,vew
4324,vex
4325,vey
4326,vez
4327,vfa
4328,vfb
4329,vfc
4330,vfd
4331,vfe
4332,vff
4333,vfg
4334,vfh
4335,vfi
4336,vfj
4337,vfk
4338,vfl
4339,vfm
4340,vfn
4341,vfo
4342,vfp
4343,vfq
4344,vfr
4345,vfs
4346,vft
4347,vfu
4348,vfv
4349,vfw
4350,vfx
4351,vfy
4352,vfz
4353,vga
4354,vgb
4355,vgc
4356,vgd
4357,vge
4358,vgf
4359,vgg
4360,vgh
4361,vgi
4362,vgj
4363,vgk
4364,vgl
4365,vgm
4366,vgn
4367,vgo
4368,vgp
4369,vgq
4370,vgr
4371,vgs
4372,vgt
4373,vgu
4374,vgv
4375,vgw
4376,vgx
4377,vgy
4378,vgz
4379,vha
4380,vhb
4381,vhc
4382,vhd
4383,vhe
4384,vhf
4385,vhg
4386,vhh
4387,vhi
4388,vhj
4389,vhk
4390,vhl
4391,vhm
4392,vhn
4393,vho
4394,vhp
4395,vhq
4396,vhr
4397,vhs
4398,vht
4399,vhu
4400,vhv
4401,vhw
4402,vhx
4403,vhy
4404,vhz
4405,via
4406,vib
4407,vic
4408,vid
4409,vie
4410,vif
4411,vig
4412,vih
4413,vii
4414,vij
4415,vik
4416,vil
4417,vim
4418,vin
4419,vio
4420,vip
4421,viq
4422,vir
4423,vis
4424,vit
4425,viu
4426,viv
4427,viw
4428,vix
4429,viy
4430,viz
4431,vja
4432,vjb
4433,vjc
4434,vjd
4435,vje
4436,vjf
4437,vjg
4438,vjh
4439,vji
4440,vjj
4441,vjk
4442,vjl
4443,vjm
4444,vjn
4445,vjo
4446,vjp
4447,vjq
4448,vjr
4449,vjs
4450,vjt
4451,vju
4452,vjv
4453,vjw
4454,vjx
4455,vjy
4456,vjz
4457,vka
4458,vkb
4459,vkc
4460,vkd
4461,vke
4462,vkf
4463,vkg
4464,vkh
4465,vki
4466,vkj
4467,vkk
4468,vkl
4469,vkm
4470,vkn
4471,vko
4472,vkp
4473,vkq
4474,vkr
4475,vks
4476,vkt
4477,vku
4478,vkv
4479,vkw
4480,vkx
4481,vky
4482,vkz
4483,vla
4484,vlb
4485,vlc
4486,vld
4487,vle
4488,vlf
4489,vlg
4490,vlh
4491,vli
4492,vlj
4493,vlk
4494,vll
4495,vlm
4496,vln
4497,vlo
4498,vlp
4499,vlq
4500,vlr
4501,vls
4502,vlt
4503,vlu
4504,vlv
4505,vlw
4506,vlx
4507,vly
4508,vlz
4509,vma
4510,vmb
4511,vmc
4512,vmd
4513,vme
4514,vmf
4515,vmg
4516,vmh
4517,vmi
4518,vmj
4519,vmk
4520,vml
4521,vmm
4522,vmn
4523,vmo
4524,vmp
4525,vmq
4526,vmr
4527,vms
4528,vmt
4529,vmu
4530,vmv
4531,vmw
4532,vmx
4533,vmy
4534,vmz
4535,vna
4536,vnb
4537,vnc
4538,vnd
4539,vne
4540,vnf
4541,vng
4542,vnh
4543,vni
4544,vnj
4545,vnk
4546,vnl
4547,vnm
4548,vnn
4549,vno
4550,vnp
4551,vnq
4552,vnr
4553,vns
4554,vnt
4555,vnu
4556,vnv
4557,vnw
4558,vnx
4559,vny
4560,vnz
4561,voa
4562,vob
4563,voc
4564,vod
4565,voe
4566,vof
4567,vog
4568,voh
4569,voi
4570,voj
4571,vok
4572,vol
4573,vom
4574,von
4575,voo
4576,vop
4577,voq
4578,vor
4579,vos
4580,vot
4581,vou
4582,vov
4583,vow
4584,vox
4585,voy
4586,voz
4587,vpa
4588,vpb
4589,vpc
4590,vpd
4591,vpe
4592,vpf
4593,vpg
4594,vph
4595,vpi
4596,vpj
4597,vpk
4598,vpl
4599,vpm
4600,vpn
4601,vpo
4602,vpp
4603,vpq
4604,vpr
4605,vps
4606,vpt
4607,vpu
4608,vpv
4609,vpw
4610,vpx
4611,vpy
4612,vpz
4613,vqa
4614,vqb
4615,vqc
4616,vqd
4617,vqe
4618,vqf
4619,vqg
4620,vqh
4621,vqi
4622,vqj
4623,vqk
4624,vql
4625,vqm
4626,vqn
4627,vqo
4628,vqp
4629,vqq
4630,vqr
4631,vqs
4632,vqt
4633,vqu
4634,vqv
4635,vqw
4636,vqx
4637,vqy
4638,vqz
4639,vra
4640,vrb
4641,vrc
4642,vrd
4643,vre
4644,vrf
4645,vrg
4646,vrh
4647,vri
4648,vrj
4649,vrk
4650,vrl
4651,vrm
4652,vrn
4653,vro
4654,vrp
4655,vrq
4656,vrr
4657,vrs
4658,vrt
4659,vru
4660,vrv
4661,vrw
4662,vrx
4663,vry
4664,vrz
4665,vsa
4666,vsb
4667,vsc
4668,vsd
4669,vse
4670,vsf
4671,vsg
4672,vsh
4673,vsi
4674,vsj
4675,vsk
4676,vsl
4677,vsm
4678,vsn
4679,vso
4680,vsp
4681,vsq
4682,vsr
4683,vss
4684,vst
4685,vsu
4686,vsv
4687,vsw
4688,vsx
4689,vsy
4690,vsz
4691,vta
4692,vtb
4693,vtc
4694,vtd
4695,vte
4696,vtf
4697,vtg
4698,vth
4699,vti
4700,vtj
4701,vtk
4702,vtl
4703,vtm
4704,vtn
4705,vto
4706,vtp
4707,vtq
4708,vtr
4709,vts
4710,vtt
4711,vtu
4712,vtv
4713,vtw
4714,vtx
4715,vty
4716,vtz
4717,vua
4718,vub
4719,vuc
4720,vud
4721,vue
4722,vuf
4723,vug
4724,vuh
4725,vui
4726,vuj
4727,vuk
4728,vul
4729,vum
4730,vun
4731,vuo
4732,vup
4733,vuq
4734,vur
4735,vus
4736,vut
4737,vuu
4738,vuv
4739,vuw
4740,vux
4741,vuy
4742,vuz
4743,vva
4744,vvb
4745,vvc
4746,vvd
4747,vve
4748,vvf
4749,vvg
4750,vvh
4751,vvi
4752,vvj
4753,vvk
4754,vvl
4755,vvm
4756,vvn
4757,vvo
4758,vvp
4759,vvq
4760,vvr
4761,vvs
4762,vvt
4763,vvu
4764,vvv
4765,vvw
4766,vvx
4767,vvy
4768,vvz
4769,vwa
4770,vwb
4771,vwc
4772,vwd
4773,vwe
4774,vwf
4775,vwg
4776,vwh
4777,vwi
4778,vwj
4779,vwk
4780,vwl
4781,vwm
4782,vwn
4783,vwo
4784,vwp
4785,vwq
4786,vwr
4787,vws
4788,vwt
4789,vwu
4790,vwv
4791,vww
4792,vwx
4793,vwy
4794,vwz
4795,vxa
4796,vxb
4797,vxc
4798,vxd
4799,vxe
4800,vxf
4801,vxg
4802,vxh
4803,vxi
4804,vxj
4805,vxk
4806,vxl
4807,vxm
4808,vxn
4809,vxo
4810,vxp
4811,vxq
4812,vxr
4813,vxs
4814,vxt
4815,vxu
4816,vxv
4817,vxw
4818,vxx
4819,vxy
4820,vxz
4821,vya
4822,vyb
4823,vyc
4824,vyd
4825,vye
4826,vyf
4827,vyg
4828,vyh
4829,vyi
4830,vyj
4831,vyk
4832,vyl
4833,vym
4834,vyn
4835,vyo
4836,vyp
4837,vyq
4838,vyr
4839,vys
4840,vyt
4841,vyu
4842,vyv
4843,vyw
4844,vyx
4845,vyy
4846,vyz
4847,vza
4848,vzb
4849,vzc
4850,vzd
4851,vze
4852,vzf
4853,vzg
4854,vzh
4855,vzi
4856,vzj
4857,vzk
4858,vzl
4859,vzm
4860,vzn
4861,vzo
4862,vzp
4863,vzq
4864,vzr
4865,vzs
4866,vzt
4867,vzu
4868,vzv
4869,vzw
4870,vzx
4871,vzy
4872,vzz
4873,waa
4874,wab
4875,wac
4876,wad
4877,wae
4878,waf
4879,wag
4880,wah
4881,wai
4882,waj
4883,wak
4884,wal
4885,wam
4886,wan
4887,wao
4888,wap
4889,waq
4890,war
4891,was
4892,wat
4893,wau
4894,wav
4895,waw
4896,wax
4897,way
4898,waz
4899,wba
4900,wbb
4901,wbc
4902,wbd
4903,wbe
4904,wbf
4905,wbg
4906,wbh
4907,wbi
4908,wbj
4909,wbk
4910,wbl
4911,wbm
4912,wbn
4913,wbo
4914,wbp
4915,wbq
4916,wbr
4917,wbs
4918,wbt
4919,wbu
4920,wbv
4921,wbw
4922,wbx
4923,wby
4924,wbz
4925,wca
4926,wcb
4927,wcc
4928,wcd
4929,wce
4930,wcf
4931,wcg
4932,wch
4933,wci
4934,wcj
4935,wck
4936,wcl
4937,wcm
4938,wcn
4939,wco
4940,wcp
4941,wcq
4942,wcr
4943,wcs
4944,wct
4945,wcu
4946,wcv
4947,wcw
4948,wcx
4949,wcy
4950,wcz
4951,wda
4952,wdb
4953,wdc
4954,wdd
4955,wde
4956,wdf
4957,wdg
4958,wdh
4959,wdi
4960,wdj
4961,wdk
4962,wdl
4963,wdm
4964,wdn
4965,wdo
4966,wdp
4967,wdq
4968,wdr
4969,wds
4970,wdt
4971,wdu
4972,wdv
4973,wdw
4974,wdx
4975,wdy
4976,wdz
4977,wea
4978,web
4979,wec
4980,wed
4981,wee
4982,wef
4983,weg
4984,weh
4985,wei
4986,wej
4987,wek
4988,wel
4989,wem
4990,wen
4991,weo
4992,wep
4993,weq
4994,wer
4995,wes
4996,wet
4997,weu
4998,wev
4999,wew
5000,wex
5001,wey
5002,wez
5003,wfa
5004,wfb
5005,wfc
5006,wfd
5007,wfe
5008,wff
5009,wfg
5010,wfh
5011,wfi
5012,wfj
5013,wfk
5014,wfl
5015,wfm
5016,wfn
5017,wfo
5018,wfp
5019,wfq
5020,wfr
5021,wfs
5022,wft
5023,wfu
5024,wfv
5025,wfw
5026,wfx
5027,wfy
5028,wfz
5029,wga
5030,wgb
5031,wgc
5032,wgd
5033,wge
5034,wgf
5035,wgg
5036,wgh
5037,wgi
5038,wgj
5039,wgk
5040,wgl
5041,wgm
5042,wgn
5043,wgo
5044,wgp
5045,wgq
5046,wgr
5047,wgs
5048,wgt
5049,wgu
5050,wgv
5051,wgw
5052,wgx
5053,wgy
5054,wgz
5055,wha
5056,whb
5057,whc
5058,whd
5059,whe
5060,whf
5061,whg
5062,whh
5063,whi
5064,whj
5065,whk
5066,whl
5067,whm
5068,whn
5069,who
5070,whp
5071,whq
5072,whr
5073,whs
5074,wht
5075,whu
5076,whv
5077,whw
5078,whx
5079,why
5080,whz
5081,wia
5082,wib
5083,wic
5084,wid
5085,wie
5086,wif
5087,wig
5088,wih
5089,wii
5090,wij
5091,wik
5092,wil
5093,wim
5094,win
5095,wio
5096,wip
5097,wiq
5098,wir
5099,wis
5100,wit
5101,wiu
5102,wiv
5103,wiw
5104,wix
5105,wiy
5106,wiz
5107,wja
5108,wjb
5109,wjc
5110,wjd
5111,wje
5112,wjf
5113,wjg
5114,wjh
5115,wji
5116,wjj
5117,wjk
5118,wjl
5119,wjm
5120,wjn
5121,wjo
5122,wjp
5123,wjq
5124,wjr
5125,wjs
5126,wjt
5127,wju
5128,wjv
5129,wjw
5130,wjx
5131,wjy
5132,wjz
5133,wka
5134,wkb
5135,wkc
5136,wkd
5137,wke
5138,wkf
5139,wkg
5140,wkh
5141,wki
5142,wkj
5143,wkk
5144,wkl
5145,wkm
5146,wkn
5147,wko
5148,wkp
5149,wkq
5150,wkr
5151,wks
5152,wkt
5153,wku
5154,wkv
5155,wkw
5156,wkx
5157,wky
5158,wkz
5159,wla
5160,wlb
5161,wlc
5162,wld
5163,wle
5164,wlf
5165,wlg
5166,wlh
5167,wli
5168,wlj
5169,wlk
5170,wll
5171,wlm
5172,wln
5173,wlo
5174,wlp
5175,wlq
5176,wlr
5177,wls
5178,wlt
5179,wlu
5180,wlv
5181,wlw
5182,wlx
5183,wly
5184,wlz
5185,wma
5186,wmb
5187,wmc
5188,wmd
5189,wme
5190,wmf
5191,wmg
5192,wmh
5193,wmi
5194,wmj
5195,wmk
5196,wml
5197,wmm
5198,wmn
5199,wmo
5200,wmp
5201,wmq
5202,wmr
5203,wms
5204,wmt
5205,wmu
5206,wmv
5207,wmw
5208,wmx
5209,wmy
5210,wmz
5211,wna
5212,wnb
5213,wnc
5214,wnd
5215,wne
5216,wnf
5217,wng
5218,wnh
5219,wni
5220,wnj
5221,wnk
5222,wnl
5223,wnm
5224,wnn
5225,wno
5226,wnp
5227,wnq
5228,wnr
5229,wns
5230,wnt
5231,wnu
5232,wnv
5233,wnw
5234,wnx
5235,wny
5236,wnz
5237,woa
5238,wob
5239,woc
5240,wod
5241,woe
5242,wof
5243,wog
5244,woh
5245,woi
5246,woj
5247,wok
5248,wol
5249,wom
5250,won
5251,woo
5252,wop
5253,woq
5254,wor
5255,wos
5256,wot
5257,wou
5258,wov
5259,wow
5260,wox
5261,woy
5262,woz
5263,wpa
5264,wpb
5265,wpc
5266,wpd
5267,wpe
5268,wpf
5269,wpg
5270,wph
5271,wpi
5272,wpj
5273,wpk
5274,wpl
5275,wpm
5276,wpn
5277,wpo
5278,wpp
5279,wpq
5280,wpr
5281,wps
5282,wpt
5283,wpu
5284,wpv
5285,wpw
5286,wpx
5287,wpy
5288,wpz
5289,wqa
5290,wqb
5291,wqc
5292,wqd
5293,wqe
5294,wqf
5295,wqg
5296,wqh
5297,wqi
5298,wqj
5299,wqk
5300,wql
5301,wqm
5302,wqn
5303,wqo
5304,wqp
5305,wqq
5306,wqr
5307,wqs
5308,wqt
5309,wqu
5310,wqv
5311,wqw
5312,wqx
5313,wqy
5314,wqz
5315,wra
5316,wrb
5317,wrc
5318,wrd
5319,wre
5320,wrf
5321,wrg
5322,wrh
5323,wri
5324,wrj
5325,wrk
5326,wrl
5327,wrm
5328,wrn
5329,wro
5330,wrp
5331,wrq
5332,wrr
5333,wrs
5334,wrt
5335,wru
5336,wrv
5337,wrw
5338,wrx
5339,wry
5340,wrz
5341,wsa
5342,wsb
5343,wsc
5344,wsd
5345,wse
5346,wsf
5347,wsg
5348,wsh
5349,wsi
5350,wsj
5351,wsk
5352,wsl
5353,wsm
5354,wsn
5355,wso
5356,wsp
5357,wsq
5358,wsr
5359,wss
5360,wst
5361,wsu
5362,wsv
5363,wsw
5364,wsx
5365,wsy
5366,wsz
5367,wta
5368,wtb
5369,wtc
5370,wtd
5371,wte
5372,wtf
5373,wtg
5374,wth
5375,wti
5376,wtj
5377,wtk
5378,wtl
5379,wtm
5380,wtn
5381,wto
5382,wtp
5383,wtq
5384,wtr
5385,wts
5386,wtt
5387,wtu
5388,wtv
5389,wtw
5390,wtx
5391,wty
5392,wtz
5393,wua
5394,wub
5395,wuc
5396,wud
5397,wue
5398,wuf
5399,wug
5400,wuh
5401,wui
5402,wuj
5403,wuk
5404,wul
5405,wum
5406,wun
5407,wuo
5408,wup
5409,wuq
5410,wur
5411,wus
5412,wut
5413,wuu
5414,wuv
5415,wuw
5416,wux
5417,wuy
5418,wuz
5419,wva
5420,wvb
5421,wvc
5422,wvd
5423,wve
5424,wvf
5425,wvg
5426,wvh
5427,wvi
5428,wvj
5429,wvk
5430,wvl
5431,wvm
5432,wvn
5433,wvo
5434,wvp
5435,wvq
5436,wvr
5437,wvs
5438,wvt
5439,wvu
5440,wvv
5441,wvw
5442,wvx
5443,wvy
5444,wvz
5445,wwa
5446,wwb
5447,wwc
5448,wwd
5449,wwe
5450,wwf
5451,wwg
5452,wwh
5453,wwi
5454,wwj
5455,wwk
5456,wwl
5457,wwm
5458,wwn
5459,wwo
5460,wwp
5461,wwq
5462,wwr
5463,wws
5464,wwt
5465,wwu
5466,wwv
5467,www
5468,wwx
5469,wwy
5470,wwz
5471,wxa
5472,wxb
5473,wxc
5474,wxd
5475,wxe
5476,wxf
5477,wxg
5478,wxh
5479,wxi
5480,wxj
5481,wxk
5482,wxl
5483,wxm
5484,wxn
5485,wxo
5486,wxp
5487,wxq
5488,wxr
5489,wxs
5490,wxt
5491,wxu
5492,wxv
5493,wxw
5494,wxx
5495,wxy
5496,wxz
5497,wya
5498,wyb
5499,wyc
5500,wyd
5501,wye
5502,wyf
5503,wyg
5504,wyh
5505,wyi
5506,wyj
5507,wyk
5508,wyl
5509,wym
5510,wyn
5511,wyo
5512,wyp
5513,wyq
5514,wyr
5515,wys
5516,wyt
5517,wyu
5518,wyv
5519,wyw
5520,wyx
5521,wyy
5522,wyz
5523,wza
5524,wzb
5525,wzc
5526,wzd
5527,wze
5528,wzf
5529,wzg
5530,wzh
5531,wzi
5532,wzj
5533,wzk
5534,wzl
5535,wzm
5536,wzn
5537,wzo
5538,wzp
5539,wzq
5540,wzr
5541,wzs
5542,wzt
5543,wzu
5544,wzv
5545,wzw
5546,wzx
5547,wzy
5548,wzz
5549,xaa
5550,xab
5551,xac
5552,xad
5553,xae
5554,xaf
5555,xag
5556,xah
5557,xai
5558,xaj
5559,xak
5560,xal
5561,xam
5562,xan
5563,xao
5564,xap
5565,xaq
5566,xar
5567,xas
5568,xat
5569,xau
5570,xav
5571,xaw
5572,xax
5573,xay
5574,xaz
5575,xba
5576,xbb
5577,xbc
5578,xbd
5579,xbe
5580,xbf
5581,xbg
5582,xbh
5583,xbi
5584,xbj
5585,xbk
5586,xbl
5587,xbm
5588,xbn
5589,xbo
5590,xbp
5591,xbq
5592,xbr
5593,xbs
5594,xbt
5595,xbu
5596,xbv
5597,xbw
5598,xbx
5599,xby
5600,xbz
5601,xca
5602,xcb
5603,xcc
5604,xcd
5605,xce
5606,xcf
5607,xcg
5608,xch
5609,xci
5610,xcj
5611,xck
5612,xcl
5613,xcm
5614,xcn
5615,xco
5616,xcp
5617,xcq
5618,xcr
5619,xcs
5620,xct
5621,xcu
5622,xcv
5623,xcw
5624,xcx
5625,xcy
5626,xcz
5627,xda
5628,xdb
5629,xdc
5630,xdd
5631,xde
5632,xdf
5633,xdg
5634,xdh
5635,xdi
5636,xdj
5637,xdk
5638,xdl
5639,xdm
5640,xdn
5641,xdo
5642,xdp
5643,xdq
5644,xdr
5645,xds
5646,xdt
5647,xdu
5648,xdv
5649,xdw
5650,xdx
5651,xdy
5652,xdz
5653,xea
5654,xeb
5655,xec
5656,xed
5657,xee
5658,xef
5659,xeg
5660,xeh
5661,xei
5662,xej
5663,xek
5664,xel
5665,xem
5666,xen
5667,xeo
5668,xep
5669,xeq
5670,xer
5671,xes
5672,xet
5673,xeu
5674,xev
5675,xew
5676,xex
5677,xey
5678,xez
5679,xfa
5680,xfb
5681,xfc
5682,xfd
5683,xfe
5684,xff
5685,xfg
5686,xfh
5687,xfi
5688,xfj
5689,xfk
5690,xfl
5691,xfm
5692,xfn
5693,xfo
5694,xfp
5695,xfq
5696,xfr
5697,xfs
5698,xft
5699,xfu
5700,xfv
5701,xfw
5702,xfx
5703,xfy
5704,xfz
5705,xga
5706,xgb
5707,xgc
5708,xgd
5709,xge
5710,xgf
5711,xgg
5712,xgh
5713,xgi
5714,xgj
5715,xgk
5716,xgl
5717,xgm
5718,xgn
5719,xgo
5720,xgp
5721,xgq
5722,xgr
5723,xgs
5724,xgt
5725,xgu
5726,xgv
5727,xgw
5728,xgx
5729,xgy
5730,xgz
5731,xha
5732,xhb
5733,xhc
5734,xhd
5735,xhe
5736,xhf
5737,xhg
5738,xhh
5739,xhi
5740,xhj
5741,xhk
5742,xhl
5743,xhm
5744,xhn
5745,xho
5746,xhp
5747,xhq
5748,xhr
5749,xhs
5750,xht
5751,xhu
5752,xhv
5753,xhw
5754,xhx
5755,xhy
5756,xhz
5757,xia
5758,xib
5759,xic
5760,xid
5761,xie
5762,xif
5763,xig
5764,xih
5765,xii
5766,xij
5767,xik
5768,xil
5769,xim
5770,xin
5771,xio
5772,xip
5773,xiq
5774,xir
5775,xis
5776,xit
5777,xiu
5778,xiv
5779,xiw
5780,xix
5781,xiy
5782,xiz
5783,xja
5784,xjb
5785,xjc
5786,xjd
5787,xje
5788,xjf
5789,xjg
5790,xjh
5791,xji
5792,xjj
5793,xjk
5794,xjl
5795,xjm
5796,xjn
5797,xjo
5798,xjp
5799,xjq
5800,xjr
5801,xjs
5802,xjt
5803,xju
5804,xjv
5805,xjw
5806,xjx
5807,xjy
5808,xjz
5809,xka
5810,xkb
5811,xkc
5812,xkd
5813,xke
5814,xkf
5815,xkg
5816,xkh
5817,xki
5818,xkj
5819,xkk
5820,xkl
5821,xkm
5822,xkn
5823,xko
5824,xkp
5825,xkq
5826,xkr
5827,xks
5828,xkt
5829,xku
5830,xkv
5831,xkw
5832,xkx
5833,xky
5834,xkz
5835,xla
5836,xlb
5837,xlc
5838,xld
5839,xle
5840,xlf
5841,xlg
5842,xlh
5843,xli
5844,xlj
5845,xlk
5846,xll
5847,xlm
5848,xln
5849,xlo
5850,xlp
5851,xlq
5852,xlr
5853,xls
5854,xlt
5855,xlu
5856,xlv
5857,xlw
5858,xlx
5859,xly
5860,xlz
5861,xma
5862,xmb
5863,xmc
5864,xmd
5865,xme
5866,xmf
5867,xmg
5868,xmh
5869,xmi
5870,xmj
5871,xmk
5872,xml
5873,xmm
5874,xmn
5875,xmo
5876,xmp
5877,xmq
5878,xmr
5879,xms
5880,xmt
5881,xmu
5882,xmv
5883,xmw
5884,xmx
5885,xmy
5886,xmz
5887,xna
5888,xnb
5889,xnc
5890,xnd
5891,xne
5892,xnf
5893,xng
5894,xnh
5895,xni
5896,xnj
5897,xnk
5898,xnl
5899,xnm
5900,xnn
5901,xno
5902,xnp
5903,xnq
5904,xnr
5905,xns
5906,xnt
5907,xnu
5908,xnv
5909,xnw
5910,xnx
5911,xny
5912,xnz
5913,xoa
5914,xob
5915,xoc
5916,xod
5917,xoe
5918,xof
5919,xog
5920,xoh
5921,xoi
5922,xoj
5923,xok
5924,xol
5925,xom
5926,xon
5927,xoo
5928,xop
5929,xoq
5930,xor
5931,xos
5932,xot
5933,xou
5934,xov
5935,xow
5936,xox
5937,xoy
5938,xoz
5939,xpa
5940,xpb
5941,xpc
5942,xpd
5943,xpe
5944,xpf
5945,xpg
5946,xph
5947,xpi
5948,xpj
5949,xpk
5950,xpl
5951,xpm
5952,xpn
5953,xpo
5954,xpp
5955,xpq
5956,xpr
5957,xps
5958,xpt
5959,xpu
5960,xpv
5961,xpw
5962,xpx
5963,xpy
5964,xpz
5965,xqa
5966,xqb
5967,xqc
5968,xqd
5969,xqe
5970,xqf
5971,xqg
5972,xqh
5973,xqi
5974,xqj
5975,xqk
5976,xql
5977,xqm
5978,xqn
5979,xqo
5980,xqp
5981,xqq
5982,xqr
5983,xqs
5984,xqt
5985,xqu
5986,xqv
5987,xqw
5988,xqx
5989,xqy
5990,xqz
5991,xra
5992,xrb
5993,xrc
5994,xrd
5995,xre
5996,xrf
5997,xrg
5998,xrh
5999,xri
6000,xrj
6001,xrk
6002,xrl
6003,xrm
6004,xrn
6005,xro
6006,xrp
6007,xrq
6008,xrr
6009,xrs
6010,xrt
6011,xru
6012,xrv
6013,xrw
6014,xrx
6015,xry
6016,xrz
6017,xsa
6018,xsb
6019,xsc
6020,xsd
6021,xse
6022,xsf
6023,xsg
6024,xsh
6025,xsi
6026,xsj
6027,xsk
6028,xsl
6029,xsm
6030,xsn
6031,xso
6032,xsp
6033,xsq
6034,xsr
6035,xss
6036,xst
6037,xsu
6038,xsv
6039,xsw
6040,xsx
6041,xsy
6042,xsz
6043,xta
6044,xtb
6045,xtc
6046,xtd
6047,xte
6048,xtf
6049,xtg
6050,xth
6051,xti
6052,xtj
6053,xtk
6054,xtl
6055,xtm
6056,xtn
6057,xto
6058,xtp
6059,xtq
6060,xtr
6061,xts
6062,xtt
6063,xtu
6064,xtv
6065,xtw
6066,xtx
6067,xty
6068,xtz
6069,xua
6070,xub
6071,xuc
6072,xud
6073,xue
6074,xuf
6075,xug
6076,xuh
6077,xui
6078,xuj
6079,xuk
6080,xul
6081,xum
6082,xun
6083,xuo
6084,xup
6085,xuq
6086,xur
6087,xus
6088,xut
6089,xuu
6090,xuv
6091,xuw
6092,xux
6093,xuy
6094,xuz
6095,xva
6096,xvb
6097,xvc
6098,xvd
6099,xve
6100,xvf
6101,xvg
6102,xvh
6103,xvi
6104,xvj
6105,xvk
6106,xvl
6107,xvm
6108,xvn
6109,xvo
6110,xvp
6111,xvq
6112,xvr
6113,xvs
6114,xvt
6115,xvu
6116,xvv
6117,xvw
6118,xvx
6119,xvy
6120,xvz
6121,xwa
6122,xwb
6123,xwc
6124,xwd
6125,xwe
6126,xwf
6127,xwg
6128,xwh
6129,xwi
6130,xwj
6131,xwk
6132,xwl
6133,xwm
6134,xwn
6135,xwo
6136,xwp
6137,xwq
6138,xwr
6139,xws
6140,xwt
6141,xwu
6142,xwv
6143,xww
6144,xwx
6145,xwy
6146,xwz
6147,xxa
6148,xxb
6149,xxc
6150,xxd
6151,xxe
6152,xxf
6153,xxg
6154,xxh
6155,xxi
6156,xxj
6157,xxk
6158,xxl
6159,xxm
6160,xxn
6161,xxo
6162,xxp
6163,xxq
6164,xxr
6165,xxs
6166,xxt
6167,xxu
6168,xxv
6169,xxw
6170,xxx
6171,xxy
6172,xxz
6173,xya
6174,xyb
6175,xyc
6176,xyd
6177,xye
6178,xyf
6179,xyg
6180,xyh
6181,xyi
6182,xyj
6183,xyk
6184,xyl
6185,xym
6186,xyn
6187,xyo
6188,xyp
6189,xyq
6190,xyr
6191,xys
6192,xyt
6193,xyu
6194,xyv
6195,xyw
6196,xyx
6197,xyy
6198,xyz
6199,xza
6200,xzb
6201,xzc
6202,xzd
6203,xze
6204,xzf
6205,xzg
6206,xzh
6207,xzi
6208,xzj
6209,xzk
6210,xzl
6211,xzm
6212,xzn
6213,xzo
6214,xzp
6215,xzq
6216,xzr
6217,xzs
6218,xzt
6219,xzu
6220,xzv
6221,xzw
6222,xzx
6223,xzy
6224,xzz
6225,yaa
6226,yab
6227,yac
6228,yad
6229,yae
6230,yaf
6231,yag
6232,yah
6233,yai
6234,yaj
6235,yak
6236,yal
6237,yam
6238,yan
6239,yao
6240,yap
6241,yaq
6242,yar
6243,yas
6244,yat
6245,yau
6246,yav
6247,yaw
6248,yax
6249,yay
6250,yaz
6251,yba
6252,ybb
6253,ybc
6254,ybd
6255,ybe
6256,ybf
6257,ybg
6258,ybh
6259,ybi
6260,ybj
6261,ybk
6262,ybl
6263,ybm
6264,ybn
6265,ybo
6266,ybp
6267,ybq
6268,ybr
6269,ybs
6270,ybt
6271,ybu
6272,ybv
6273,ybw
6274,ybx
6275,yby
6276,ybz
6277,yca
6278,ycb
6279,ycc
6280,ycd
6281,yce
6282,ycf
6283,ycg
6284,ych
6285,yci
6286,ycj
6287,yck
6288,ycl
6289,ycm
6290,ycn
6291,yco
6292,ycp
6293,ycq
6294,ycr
6295,ycs
6296,yct
6297,ycu
6298,ycv
6299,ycw
6300,ycx
6301,ycy
6302,ycz
6303,yda
6304,ydb
6305,ydc
6306,ydd
6307,yde
6308,ydf
6309,ydg
6310,ydh
6311,ydi
6312,ydj
6313,ydk
6314,ydl
6315,ydm
6316,ydn
6317,ydo
6318,ydp
6319,ydq
6320,ydr
6321,yds
6322,ydt
6323,ydu
6324,ydv
6325,ydw
6326,ydx
6327,ydy
6328,ydz
6329,yea
6330,yeb
6331,yec
6332,yed
6333,yee
6334,yef
6335,yeg
6336,yeh
6337,yei
6338,yej
6339,yek
6340,yel
6341,yem
6342,yen
6343,yeo
6344,yep
6345,yeq
6346,yer
6347,yes
6348,yet
6349,yeu
6350,yev
6351,yew
6352,yex
6353,yey
6354,yez
6355,yfa
6356,yfb
6357,yfc
6358,yfd
6359,yfe
6360,yff
6361,yfg
6362,yfh
6363,yfi
6364,yfj
6365,yfk
6366,yfl
6367,yfm
6368,yfn
6369,yfo
6370,yfp
6371,yfq
6372,yfr
6373,yfs
6374,yft
6375,yfu
6376,yfv
6377,yfw
6378,yfx
6379,yfy
6380,yfz
6381,yga
6382,ygb
6383,ygc
6384,ygd
6385,yge
6386,ygf
6387,ygg
6388,ygh
6389,ygi
6390,ygj
6391,ygk
6392,ygl
6393,ygm
6394,ygn
6395,ygo
6396,ygp
6397,ygq
6398,ygr
6399,ygs
6400,ygt
6401,ygu
6402,ygv
6403,ygw
6404,ygx
6405,ygy
6406,ygz
6407,yha
6408,yhb
6409,yhc
6410,yhd
6411,yhe
6412,yhf
6413,yhg
6414,yhh
6415,yhi
6416,yhj
6417,yhk
6418,yhl
6419,yhm
6420,yhn
6421,yho
6422,yhp
6423,yhq
6424,yhr
6425,yhs
6426,yht
6427,yhu
6428,yhv
6429,yhw
6430,yhx
6431,yhy
6432,yhz
6433,yia
6434,yib
6435,yic
6436,yid
6437,yie
6438,yif
6439,yig
6440,yih
6441,yii
6442,yij
6443,yik
6444,yil
6445,yim
6446,yin
6447,yio
6448,yip
6449,yiq
6450,yir
6451,yis
6452,yit
6453,yiu
6454,yiv
6455,yiw
6456,yix
6457,yiy
6458,yiz
6459,yja
6460,yjb
6461,yjc
6462,yjd
6463,yje
6464,yjf
6465,yjg
6466,yjh
6467,yji
6468,yjj
6469,yjk
6470,yjl
6471,yjm
6472,yjn
6473,yjo
6474,yjp
6475,yjq
6476,yjr
6477,yjs
6478,yjt
6479,yju
6480,yjv
6481,yjw
6482,yjx
6483,yjy
6484,yjz
6485,yka
6486,ykb
6487,ykc
6488,ykd
6489,yke
6490,ykf
6491,ykg
6492,ykh
6493,yki
6494,ykj
6495,ykk
6496,ykl
6497,ykm
6498,ykn
6499,yko
6500,ykp
6501,ykq
6502,ykr
6503,yks
6504,ykt
6505,yku
6506,ykv
6507,ykw
6508,ykx
6509,yky
6510,ykz
6511,yla
6512,ylb
6513,ylc
6514,yld
6515,yle
6516,ylf
6517,ylg
6518,ylh
6519,yli
6520,ylj
6521,ylk
6522,yll
6523,ylm
6524,yln
6525,ylo
6526,ylp
6527,ylq
6528,ylr
6529,yls
6530,ylt
6531,ylu
6532,ylv
6533,ylw
6534,ylx
6535,yly
6536,ylz
6537,yma
6538,ymb
6539,ymc
6540,ymd
6541,yme
6542,ymf
6543,ymg
6544,ymh
6545,ymi
6546,ymj
6547,ymk
6548,yml
6549,ymm
6550,ymn
6551,ymo
6552,ymp
6553,ymq
6554,ymr
6555,yms
6556,ymt
6557,ymu
6558,ymv
6559,ymw
6560,ymx
6561,ymy
6562,ymz
6563,yna
6564,ynb
6565,ync
6566,ynd
6567,yne
6568,ynf
6569,yng
6570,ynh
6571,yni
6572,ynj
6573,ynk
6574,ynl
6575,ynm
6576,ynn
6577,yno
6578,ynp
6579,ynq
6580,ynr
6581,yns
6582,ynt
6583,ynu
6584,ynv
6585,ynw
6586,ynx
6587,yny
6588,ynz
6589,yoa
6590,yob
6591,yoc
6592,yod
6593,yoe
6594,yof
6595,yog
6596,yoh
6597,yoi
6598,yoj
6599,yok
6600,yol
6601,yom
6602,yon
6603,yoo
6604,yop
6605,yoq
6606,yor
6607,yos
6608,yot
6609,you
6610,yov
6611,yow
6612,yox
6613,yoy
6614,yoz
6615,ypa
6616,ypb
6617,ypc
6618,ypd
6619,ype
6620,ypf
6621,ypg
6622,yph
6623,ypi
6624,ypj
6625,ypk
6626,ypl
6627,ypm
6628,ypn
6629,ypo
6630,ypp
6631,ypq
6632,ypr
6633,yps
6634,ypt
6635,ypu
6636,ypv
6637,ypw
6638,ypx
6639,ypy
6640,ypz
6641,yqa
6642,yqb
6643,yqc
6644,yqd
6645,yqe
6646,yqf
6647,yqg
6648,yqh
6649,yqi
6650,yqj
6651,yqk
6652,yql
6653,yqm
6654,yqn
6655,yqo
6656,yqp
6657,yqq
6658,yqr
6659,yqs
6660,yqt
6661,yqu
6662,yqv
6663,yqw
6664,yqx
6665,yqy
6666,yqz
6667,yra
6668,yrb
6669,yrc
6670,yrd
6671,yre
6672,yrf
6673,yrg
6674,yrh
6675,yri
6676,yrj
6677,yrk
6678,yrl
6679,yrm
6680,yrn
6681,yro
6682,yrp
6683,yrq
6684,yrr
6685,yrs
6686,yrt
6687,yru
6688,yrv
6689,yrw
6690,yrx
6691,yry
6692,yrz
6693,ysa
6694,ysb
6695,ysc
6696,ysd
6697,yse
6698,ysf
6699,ysg
6700,ysh
6701,ysi
6702,ysj
6703,ysk
6704,ysl
6705,ysm
6706,ysn
6707,yso
6708,ysp
6709,ysq
6710,ysr
6711,yss
6712,yst
6713,ysu
6714,ysv
6715,ysw
6716,ysx
6717,ysy
6718,ysz
6719,yta
6720,ytb
6721,ytc
6722,ytd
6723,yte
6724,ytf
6725,ytg
6726,yth
6727,yti
6728,ytj
6729,ytk
6730,ytl
6731,ytm
6732,ytn
6733,yto
6734,ytp
6735,ytq
6736,ytr
6737,yts
6738,ytt
6739,ytu
6740,ytv
6741,ytw
6742,ytx
6743,yty
6744,ytz
6745,yua
6746,yub
6747,yuc
6748,yud
6749,yue
6750,yuf
6751,yug
6752,yuh
6753,yui
6754,yuj
6755,yuk
6756,yul
6757,yum
6758,yun
6759,yuo
6760,yup
6761,yuq
6762,yur
6763,yus
6764,yut
6765,yuu
6766,yuv
6767,yuw
6768,yux
6769,yuy
6770,yuz
6771,yva
6772,yvb
6773,yvc
6774,yvd
6775,yve
6776,yvf
6777,yvg
6778,yvh
6779,yvi
6780,yvj
6781,yvk
6782,yvl
6783,yvm
6784,yvn
6785,yvo
6786,yvp
6787,yvq
6788,yvr
6789,yvs
6790,yvt
6791,yvu
6792,yvv
6793,yvw
6794,yvx
6795,yvy
6796,yvz
6797,ywa
6798,ywb
6799,ywc
6800,ywd
6801,ywe
6802,ywf
6803,ywg
6804,ywh
6805,ywi
6806,ywj
6807,ywk
6808,ywl
6809,ywm
6810,ywn
6811,ywo
6812,ywp
6813,ywq
6814,ywr
6815,yws
6816,ywt
6817,ywu
6818,ywv
6819,yww
6820,ywx
6821,ywy
6822,ywz
6823,yxa
6824,yxb
6825,yxc
6826,yxd
6827,yxe
6828,yxf
6829,yxg
6830,yxh
6831,yxi
6832,yxj
6833,yxk
6834,yxl
6835,yxm
6836,yxn
6837,yxo
6838,yxp
6839,yxq
6840,yxr
6841,yxs
6842,yxt
6843,yxu
6844,yxv
6845,yxw
6846,yxx
6847,yxy
6848,yxz
6849,yya
6850,yyb
6851,yyc
6852,yyd
6853,yye
6854,yyf
6855,yyg
6856,yyh
6857,yyi
6858,yyj
6859,yyk
6860,yyl
6861,yym
6862,yyn
6863,yyo
6864,yyp
6865,yyq
6866,yyr
6867,yys
6868,yyt
6869,yyu
6870,yyv
6871,yyw
6872,yyx
6873,yyy
6874,yyz
6875,yza
6876,yzb
6877,yzc
6878,yzd
6879,yze
6880,yzf
6881,yzg
6882,yzh
6883,yzi
6884,yzj
6885,yzk
6886,yzl
6887,yzm
6888,yzn
6889,yzo
6890,yzp
6891,yzq
6892,yzr
6893,yzs
6894,yzt
6895,yzu
6896,yzv
6897,yzw
6898,yzx
6899,yzy
6900,yzz
6901,zaa
6902,zab
6903,zac
6904,zad
6905,zae
6906,zaf
6907,zag
6908,zah
6909,zai
6910,zaj
6911,zak
6912,zal
6913,zam
6914,zan
6915,zao
6916,zap
6917,zaq
6918,zar
6919,zas
6920,zat
6921,zau
6922,zav
6923,zaw
6924,zax
6925,zay
6926,zaz
6927,zba
6928,zbb
6929,zbc
6930,zbd
6931,zbe
6932,zbf
6933,zbg
6934,zbh
6935,zbi
6936,zbj
6937,zbk
6938,zbl
6939,zbm
6940,zbn
6941,zbo
6942,zbp
6943,zbq
6944,zbr
6945,zbs
6946,zbt
6947,zbu
6948,zbv
6949,zbw
6950,zbx
6951,zby
6952,zbz
6953,zca
6954,zcb
6955,zcc
6956,zcd
6957,zce
6958,zcf
6959,zcg
6960,zch
6961,zci
6962,zcj
6963,zck
6964,zcl
6965,zcm
6966,zcn
6967,zco
6968,zcp
6969,zcq
6970,zcr
6971,zcs
6972,zct
6973,zcu
6974,zcv
6975,zcw
6976,zcx
6977,zcy
6978,zcz
6979,zda
6980,zdb
6981,zdc
6982,zdd
6983,zde
6984,zdf
6985,zdg
6986,zdh
6987,zdi
6988,zdj
6989,zdk
6990,zdl
6991,zdm
6992,zdn
6993,zdo
6994,zdp
6995,zdq
6996,zdr
6997,zds
6998,zdt
6999,zdu
7000,zdv
7001,zdw
7002,zdx
7003,zdy
7004,zdz
7005,zea
7006,zeb
7007,zec
7008,zed
7009,zee
7010,zef
7011,zeg
7012,zeh
7013,zei
7014,zej
7015,zek
7016,zel
7017,zem
7018,zen
7019,zeo
7020,zep
7021,zeq
7022,zer
7023,zes
7024,zet
7025,zeu
7026,zev
7027,zew
7028,zex
7029,zey
7030,zez
7031,zfa
7032,zfb
7033,zfc
7034,zfd
7035,zfe
7036,zff
7037,zfg
7038,zfh
7039,zfi
7040,zfj
7041,zfk
7042,zfl
7043,zfm
7044,zfn
7045,zfo
7046,zfp
7047,zfq
7048,zfr
7049,zfs
7050,zft
7051,zfu
7052,zfv
7053,zfw
7054,zfx
7055,zfy
7056,zfz
7057,zga
7058,zgb
7059,zgc
7060,zgd
7061,zge
7062,zgf
7063,zgg
7064,zgh
7065,zgi
7066,zgj
7067,zgk
7068,zgl
7069,zgm
7070,zgn
7071,zgo
7072,zgp
7073,zgq
7074,zgr
7075,zgs
7076,zgt
7077,zgu
7078,zgv
7079,zgw
7080,zgx
7081,zgy
7082,zgz
7083,zha
7084,zhb
7085,zhc
7086,zhd
7087,zhe
7088,zhf
7089,zhg
7090,zhh
7091,zhi
7092,zhj
7093,zhk
7094,zhl
7095,zhm
7096,zhn
7097,zho
7098,zhp
7099,zhq
7100,zhr
7101,zhs
7102,zht
7103,zhu
7104,zhv
7105,zhw
7106,zhx
7107,zhy
7108,zhz
7109,zia
7110,zib
7111,zic
7112,zid
7113,zie
7114,zif
7115,zig
7116,zih
7117,zii
7118,zij
7119,zik
7120,zil
7121,zim
7122,zin
7123,zio
7124,zip
7125,ziq
7126,zir
7127,zis
7128,zit
7129,ziu
7130,ziv
7131,ziw
7132,zix
7133,ziy
7134,ziz
7135,zja
7136,zjb
7137,zjc
7138,zjd
7139,zje
7140,zjf
7141,zjg
7142,zjh
7143,zji
7144,zjj
7145,zjk
7146,zjl
7147,zjm
7148,zjn
7149,zjo
7150,zjp
7151,zjq
7152,zjr
7153,zjs
7154,zjt
7155,zju
7156,zjv
7157,zjw
7158,zjx
7159,zjy
7160,zjz
7161,zka
7162,zkb
7163,zkc
7164,zkd
7165,zke
7166,zkf
7167,zkg
7168,zkh
7169,zki
7170,zkj
7171,zkk
7172,zkl
7173,zkm
7174,zkn
7175,zko
7176,zkp
7177,zkq
7178,zkr
7179,zks
7180,zkt
7181,zku
7182,zkv
7183,zkw
7184,zkx
7185,zky
7186,zkz
7187,zla
7188,zlb
7189,zlc
7190,zld
7191,zle
7192,zlf
7193,zlg
7194,zlh
7195,zli
7196,zlj
7197,zlk
7198,zll
7199,zlm
7200,zln
7201,zlo
7202,zlp
7203,zlq
7204,zlr
7205,zls
7206,zlt
7207,zlu
7208,zlv
7209,zlw
7210,zlx
7211,zly
7212,zlz
7213,zma
7214,zmb
7215,zmc
7216,zmd
7217,zme
7218,zmf
7219,zmg
7220,zmh
7221,zmi
7222,zmj
7223,zmk
7224,zml
7225,zmm
7226,zmn
7227,zmo
7228,zmp
7229,zmq
7230,zmr
7231,zms
7232,zmt
7233,zmu
7234,zmv
7235,zmw
7236,zmx
7237,zmy
7238,zmz
7239,zna
7240,znb
7241,znc
7242,znd
7243,zne
7244,znf
7245,zng
7246,znh
7247,zni
7248,znj
7249,znk
7250,znl
7251,znm
7252,znn
7253,zno
7254,znp
7255,znq
7256,znr
7257,zns
7258,znt
7259,znu
7260,znv
7261,znw
7262,znx
7263,zny
7264,znz
7265,zoa
7266,zob
7267,zoc
7268,zod
7269,zoe
7270,zof
7271,zog
7272,zoh
7273,zoi
7274,zoj
7275,zok
7276,zol
7277,zom
7278,zon
7279,zoo
7280,zop
7281,zoq
7282,zor
7283,zos
7284,zot
7285,zou
7286,zov
7287,zow
7288,zox
7289,zoy
7290,zoz
7291,zpa
7292,zpb
7293,zpc
7294,zpd
7295,zpe
7296,zpf
7297,zpg
7298,zph
7299,zpi
7300,zpj
7301,zpk
7302,zpl
7303,zpm
7304,zpn
7305,zpo
7306,zpp
7307,zpq
7308,zpr
7309,zps
7310,zpt
7311,zpu
7312,zpv
7313,zpw
7314,zpx
7315,zpy
7316,zpz
7317,zqa
7318,zqb
7319,zqc
7320,zqd
7321,zqe
7322,zqf
7323,zqg
7324,zqh
7325,zqi
7326,zqj
7327,zqk
7328,zql
7329,zqm
7330,zqn
7331,zqo
7332,zqp
7333,zqq
7334,zqr
7335,zqs
7336,zqt
7337,zqu
7338,zqv
7339,zqw
7340,zqx
7341,zqy
7342,zqz
7343,zra
7344,zrb
7345,zrc
7346,zrd
7347,zre
7348,zrf
7349,zrg
7350,zrh
7351,zri
7352,zrj
7353,zrk
7354,zrl
7355,zrm
7356,zrn
7357,zro
7358,zrp
7359,zrq
7360,zrr
7361,zrs
7362,zrt
7363,zru
7364,zrv
7365,zrw
7366,zrx
7367,zry
7368,zrz
7369,zsa
7370,zsb
7371,zsc
7372,zsd
7373,zse
7374,zsf
7375,zsg
7376,zsh
7377,zsi
7378,zsj
7379,zsk
7380,zsl
7381,zsm
7382,zsn
7383,zso
7384,zsp
7385,zsq
7386,zsr
7387,zss
7388,zst
7389,zsu
7390,zsv
7391,zsw
7392,zsx
7393,zsy
7394,zsz
7395,zta
7396,ztb
7397,ztc
7398,ztd
7399,zte
7400,ztf
7401,ztg
7402,zth
7403,zti
7404,ztj
7405,ztk
7406,ztl
7407,ztm
7408,ztn
7409,zto
7410,ztp
7411,ztq
7412,ztr
7413,zts
7414,ztt
7415,ztu
7416,ztv
7417,ztw
7418,ztx
7419,zty
7420,ztz
7421,zua
7422,zub
7423,zuc
7424,zud
7425,zue
7426,zuf
7427,zug
7428,zuh
7429,zui
7430,zuj
7431,zuk
7432,zul
7433,zum
7434,zun
7435,zuo
7436,zup
7437,zuq
7438,zur
7439,zus
7440,zut
7441,zuu
7442,zuv
7443,zuw
7444,zux
7445,zuy
7446,zuz
7447,zva
7448,zvb
7449,zvc
7450,zvd
7451,zve
7452,zvf
7453,zvg
7454,zvh
7455,zvi
7456,zvj
7457,zvk
7458,zvl
7459,zvm
7460,zvn
7461,zvo
7462,zvp
7463,zvq
7464,zvr
7465,zvs
7466,zvt
7467,zvu
7468,zvv
7469,zvw
7470,zvx
7471,zvy
7472,zvz
7473,zwa
7474,zwb
7475,zwc
7476,zwd
7477,zwe
7478,zwf
7479,zwg
7480,zwh
7481,zwi
7482,zwj
7483,zwk
7484,zwl
7485,zwm
7486,zwn
7487,zwo
7488,zwp
7489,zwq
7490,zwr
7491,zws
7492,zwt
7493,zwu
7494,zwv
7495,zww
7496,zwx
7497,zwy
7498,zwz
7499,zxa
7500,zxb
7501,zxc
7502,zxd
7503,zxe
7504,zxf
7505,zxg
7506,zxh
7507,zxi
7508,zxj
7509,zxk
7510,zxl
7511,zxm
7512,zxn
7513,zxo
7514,zxp
7515,zxq
7516,zxr
7517,zxs
7518,zxt
7519,zxu
7520,zxv
7521,zxw
7522,zxx
7523,zxy
7524,zxz
7525,zya
7526,zyb
7527,zyc
7528,zyd
7529,zye
7530,zyf
7531,zyg
7532,zyh
7533,zyi
7534,zyj
7535,zyk
7536,zyl
7537,zym
7538,zyn
7539,zyo
7540,zyp
7541,zyq
7542,zyr
7543,zys
7544,zyt
7545,zyu
7546,zyv
7547,zyw
7548,zyx
7549,zyy
7550,zyz
7551,zza
7552,zzb
7553,zzc
7554,zzd
7555,zze
7556,zzf
7557,zzg
7558,zzh
7559,zzi
7560,zzj
7561,zzk
7562,zzl
7563,zzm
7564,zzn
7565,zzo
7566,zzp
7567,zzq
7568,zzr
7569,zzs
7570,zzt
7571,zzu
7572,zzv
7573,zzw
7574,zzx
7575,zzy
7576,zzz
7577,aaa
7578,aab
7579,aac
7580,aad
7581,aae
7582,aaf
7583,aag
7584,aah
7585,aai
7586,aaj
7587,aak
7588,aal
7589,aam
7590,aan
7591,aao
7592,aap
7593,aaq
7594,aar
7595,aas
7596,aat
7597,aau
7598,aav
7599,aaw
7600,aax
7601,aay
7602,aaz
7603,aba
7604,abb
7605,abc
7606,abd
7607,abe
7608,abf
7609,abg
7610,abh
7611,abi
7612,abj
7613,abk
7614,abl
7615,abm
7616,abn
7617,abo
7618,abp
7619,abq
7620,abr
7621,abs
7622,abt
7623,abu
7624,abv
7625,abw
7626,abx
7627,aby
7628,abz
7629,aca
7630,acb
7631,acc
7632,acd
7633,ace
7634,acf
7635,acg
7636,ach
7637,aci
7638,acj
7639,ack
7640,acl
7641,acm
7642,acn
7643,aco
7644,acp
7645,acq
7646,acr
7647,acs
7648,act
7649,acu
7650,acv
7651,acw
7652,acx
7653,acy
7654,acz
7655,ada
7656,adb
7657,adc
7658,add
7659,ade
7660,adf
7661,adg
7662,adh
7663,adi
7664,adj
7665,adk
7666,adl
7667,adm
7668,adn
7669,ado
7670,adp
7671,adq
7672,adr
7673,ads
7674,adt
7675,adu
7676,adv
7677,adw
7678,adx
7679,ady
7680,adz
7681,aea
7682,aeb
7683,aec
7684,aed
7685,aee
7686,aef
7687,aeg
7688,aeh
7689,aei
7690,aej
7691,aek
7692,ael
7693,aem
7694,aen
7695,aeo
7696,aep
7697,aeq
7698,aer
7699,aes
7700,aet
7701,aeu
7702,aev
7703,aew
7704,aex
7705,aey
7706,aez
7707,afa
7708,afb
7709,afc
7710,afd
7711,afe
7712,aff
7713,afg
7714,afh
7715,afi
7716,afj
7717,afk
7718,afl
7719,afm
7720,afn
7721,afo
7722,afp
7723,afq
7724,afr
7725,afs
7726,aft
7727,afu
7728,afv
7729,afw
7730,afx
7731,afy
7732,afz
7733,aga
7734,agb
7735,agc
7736,agd
7737,age
7738,agf
7739,agg
7740,agh
7741,agi
7742,agj
7743,agk
7744,agl
7745,agm
7746,agn
7747,ago
7748,agp
7749,agq
7750,agr
7751,ags
7752,agt
7753,agu
7754,agv
7755,agw
7756,agx
7757,agy
7758,agz
7759,aha
7760,ahb
7761,ahc
7762,ahd
7763,ahe
7764,ahf
7765,ahg
7766,ahh
7767,ahi
7768,ahj
7769,ahk
7770,ahl
7771,ahm
7772,ahn
7773,aho
7774,ahp
7775,ahq
7776,ahr
7777,ahs
7778,aht
7779,ahu
7780,ahv
7781,ahw
7782,ahx
7783,ahy
7784,ahz
7785,aia
7786,aib
7787,aic
7788,aid
7789,aie
7790,aif
7791,aig
7792,aih
7793,aii
7794,aij
7795,aik
7796,ail
7797,aim
7798,ain
7799,aio
7800,aip
7801,aiq
7802,air
7803,ais
7804,ait
7805,aiu
7806,aiv
7807,aiw
7808,aix
7809,aiy
7810,aiz
7811,aja
7812,ajb
7813,ajc
7814,ajd
7815,aje
7816,ajf
7817,ajg
7818,ajh
7819,aji
7820,ajj
7821,ajk
7822,ajl
7823,ajm
7824,ajn
7825,ajo
7826,ajp
7827,ajq
7828,ajr
7829,ajs
7830,ajt
7831,aju
7832,ajv
7833,ajw
7834,ajx
7835,ajy
7836,ajz
7837,aka
7838,akb
7839,akc
7840,akd
7841,ake
7842,akf
7843,akg
7844,akh
7845,aki
7846,akj
7847,akk
7848,akl
7849,akm
7850,akn
7851,ako
7852,akp
7853,akq
7854,akr
7855,aks
7856,akt
7857,aku
7858,akv
7859,akw
7860,akx
7861,aky
7862,akz
7863,ala
7864,alb
7865,alc
7866,ald
7867,ale
7868,alf
7869,alg
7870,alh
7871,ali
7872,alj
7873,alk
7874,all
7875,alm
7876,aln
7877,alo
7878,alp
7879,alq
7880,alr
7881,als
7882,alt
7883,alu
7884,alv
7885,alw
7886,alx
7887,aly
7888,alz
7889,ama
7890,amb
7891,amc
7892,amd
7893,ame
7894,amf
7895,amg
7896,amh
7897,ami
7898,amj
7899,amk
7900,aml
7901,amm
7902,amn
7903,amo
7904,amp
7905,amq
7906,amr
7907,ams
7908,amt
7909,amu
7910,amv
7911,amw
7912,amx
7913,amy
7914,amz
7915,ana
7916,anb
7917,anc
7918,and
7919,ane
7920,anf
7921,ang
7922,anh
7923,ani
7924,anj
7925,ank
7926,anl
7927,anm
7928,ann
7929,ano
7930,anp
7931,anq
7932,anr
7933,ans
7934,ant
7935,anu
7936,anv
7937,anw
7938,anx
7939,any
7940,anz
7941,aoa
7942,aob
7943,aoc
7944,aod
7945,aoe
7946,aof
7947,aog
7948,aoh
7949,aoi
7950,aoj
7951,aok
7952,aol
7953,aom
7954,aon
7955,aoo
7956,aop
7957,aoq
7958,aor
7959,aos
7960,aot
7961,aou
7962,aov
7963,aow
7964,aox
7965,aoy
7966,aoz
7967,apa
7968,apb
7969,apc
7970,apd
7971,ape
7972,apf
7973,apg
7974,aph
7975,api
7976,apj
7977,apk
7978,apl
7979,apm
7980,apn
7981,apo
7982,app
7983,apq
7984,apr
7985,aps
7986,apt
7987,apu
7988,apv
7989,apw
7990,apx
7991,apy
7992,apz
7993,aqa
7994,aqb
7995,aqc
7996,aqd
7997,aqe
7998,aqf
7999,aqg
8000,aqh
8001,aqi
8002,aqj
8003,aqk
8004,aql
8005,aqm
8006,aqn
8007,aqo
8008,aqp
8009,aqq
8010,aqr
8011,aqs
8012,aqt
8013,aqu
8014,aqv
8015,aqw
8016,aqx
8017,aqy
8018,aqz
8019,ara
8020,arb
8021,arc
8022,ard
8023,are
8024,arf
8025,arg
8026,arh
8027,ari
8028,arj
8029,ark
8030,arl
8031,arm
8032,arn
8033,aro
8034,arp
8035,arq
8036,arr
8037,ars
8038,art
8039,aru
8040,arv
8041,arw
8042,arx
8043,ary
8044,arz
8045,asa
8046,asb
8047,asc
8048,asd
8049,ase
8050,asf
8051,asg
8052,ash
8053,asi
8054,asj
8055,ask
8056,asl
8057,asm
8058,asn
8059,aso
8060,asp
8061,asq
8062,asr
8063,ass
8064,ast
8065,asu
8066,asv
8067,asw
8068,asx
8069,asy
8070,asz
8071,ata
8072,atb
8073,atc
8074,atd
8075,ate
8076,atf
8077,atg
8078,ath
8079,ati
8080,atj
8081,atk
8082,atl
8083,atm
8084,atn
8085,ato
8086,atp
8087,atq
8088,atr
8089,ats
8090,att
8091,atu
8092,atv
8093,atw
8094,atx
8095,aty
8096,atz
8097,aua
8098,aub
8099,auc
8100,aud
8101,aue
8102,auf
8103,aug
8104,auh
8105,aui
8106,auj
8107,auk
8108,aul
8109,aum
8110,aun
8111,auo
8112,aup
8113,auq
8114,aur
8115,aus
8116,aut
8117,auu
8118,auv
8119,auw
8120,aux
8121,auy
8122,auz
8123,ava
8124,avb
8125,avc
8126,avd
8127,ave
8128,avf
8129,avg
8130,avh
8131,avi
8132,avj
8133,avk
8134,avl
8135,avm
8136,avn
8137,avo
8138,avp
8139,avq
8140,avr
8141,avs
8142,avt
8143,avu
8144,avv
8145,avw
8146,avx
8147,avy
8148,avz
8149,awa
8150,awb
8151,awc
8152,awd
8153,awe
8154,awf
8155,awg
8156,awh
8157,awi
8158,awj
8159,awk
8160,awl
8161,awm
8162,awn
8163,awo
8164,awp
8165,awq
8166,awr
8167,aws
8168,awt
8169,awu
8170,awv
8171,aww
8172,awx
8173,awy
8174,awz
8175,axa
8176,axb
8177,axc
8178,axd
8179,axe
8180,axf
8181,axg
8182,axh
8183,axi
8184,axj
8185,axk
8186,axl
8187,axm
8188,axn
8189,axo
8190,axp
8191,axq
8192,axr
8193,axs
8194,axt
8195,axu
8196,axv
8197,axw
8198,axx
8199,axy
8200,axz
8201,aya
8202,ayb
8203,ayc
8204,ayd
8205,aye
8206,ayf
8207,ayg
8208,ayh
8209,ayi
8210,ayj
8211,ayk
8212,ayl
8213,aym
8214,ayn
8215,ayo
8216,ayp
8217,ayq
8218,ayr
8219,ays
8220,ayt
8221,ayu
8222,ayv
8223,ayw
8224,ayx
8225,ayy
8226,ayz
8227,aza
8228,azb
8229,azc
8230,azd
8231,aze
8232,azf
8233,azg
8234,azh
8235,azi
8236,azj
8237,azk
8238,azl
8239,azm
8240,azn
8241,azo
8242,azp
8243,azq
8244,azr
8245,azs
8246,azt
8247,azu
8248,azv
8249,azw
8250,azx
8251,azy
8252,azz
8253,baa
8254,bab
8255,bac
8256,bad
8257,bae
8258,baf
8259,bag
8260,bah
8261,bai
8262,baj
8263,bak
8264,bal
8265,bam
8266,ban
8267,bao
8268,bap
8269,baq
8270,bar
8271,bas
8272,bat
8273,bau
8274,bav
8275,baw
8276,bax
8277,bay
8278,baz
8279,bba
8280,bbb
8281,bbc
8282,bbd
8283,bbe
8284,bbf
8285,bbg
8286,bbh
8287,bbi
8288,bbj
8289,bbk
8290,bbl
8291,bbm
8292,bbn
8293,bbo
8294,bbp
8295,bbq
8296,bbr
8297,bbs
8298,bbt
8299,bbu
8300,bbv
8301,bbw
8302,bbx
8303,bby
8304,bbz
8305,bca
8306,bcb
8307,bcc
8308,bcd
8309,bce
8310,bcf
8311,bcg
8312,bch
8313,bci
8314,bcj
8315,bck
8316,bcl
8317,bcm
8318,bcn
8319,bco
8320,bcp
8321,bcq
8322,bcr
8323,bcs
8324,bct
8325,bcu
8326,bcv
8327,bcw
8328,bcx
8329,bcy
8330,bcz
8331,bda
8332,bdb
8333,bdc
8334,bdd
8335,bde
8336,bdf
8337,bdg
8338,bdh
8339,bdi
8340,bdj
8341,bdk
8342,bdl
8343,bdm
8344,bdn
8345,bdo
8346,bdp
8347,bdq
8348,bdr
8349,bds
8350,bdt
8351,bdu
8352,bdv
8353,bdw
8354,bdx
8355,bdy
8356,bdz
8357,bea
8358,beb
8359,bec
8360,bed
8361,bee
8362,bef
8363,beg
8364,beh
8365,bei
8366,bej
8367,bek
8368,bel
8369,bem
8370,ben
8371,beo
8372,bep
8373,beq
8374,ber
8375,bes
8376,bet
8377,beu
8378,bev
8379,bew
8380,bex
8381,bey
8382,bez
8383,bfa
8384,bfb
8385,bfc
8386,bfd
8387,bfe
8388,bff
8389,bfg
8390,bfh
8391,bfi
8392,bfj
8393,bfk
8394,bfl
8395,bfm
8396,bfn
8397,bfo
8398,bfp
8399,bfq
8400,bfr
8401,bfs
8402,bft
8403,bfu
8404,bfv
8405,bfw
8406,bfx
8407,bfy
8408,bfz
8409,bga
8410,bgb
8411,bgc
8412,bgd
8413,bge
8414,bgf
8415,bgg
8416,bgh
8417,bgi
8418,bgj
8419,bgk
8420,bgl
8421,bgm
8422,bgn
8423,bgo
8424,bgp
8425,bgq
8426,bgr
8427,bgs
8428,bgt
8429,bgu
8430,bgv
8431,bgw
8432,bgx
8433,bgy
8434,bgz
8435,bha
8436,bhb
8437,bhc
8438,bhd
8439,bhe
8440,bhf
8441,bhg
8442,bhh
8443,bhi
8444,bhj
8445,bhk
8446,bhl
8447,bhm
8448,bhn
8449,bho
8450,bhp
8451,bhq
8452,bhr
8453,bhs
8454,bht
8455,bhu
8456,bhv
8457,bhw
8458,bhx
8459,bhy
8460,bhz
8461,bia
8462,bib
8463,bic
8464,bid
8465,bie
8466,bif
8467,big
8468,bih
8469,bii
8470,bij
8471,bik
8472,bil
8473,bim
8474,bin
8475,bio
8476,bip
8477,biq
8478,bir
8479,bis
8480,bit
8481,biu
8482,biv
8483,biw
8484,bix
8485,biy
8486,biz
8487,bja
8488,bjb
8489,bjc
8490,bjd
8491,bje
8492,bjf
8493,bjg
8494,bjh
8495,bji
8496,bjj
8497,bjk
8498,bjl
8499,bjm
8500,bjn
8501,bjo
8502,bjp
8503,bjq
8504,bjr
8505,bjs
8506,bjt
8507,bju
8508,bjv
8509,bjw
8510,bjx
8511,bjy
8512,bjz
8513,bka
8514,bkb
8515,bkc
8516,bkd
8517,bke
8518,bkf
8519,bkg
8520,bkh
8521,bki
8522,bkj
8523,bkk
8524,bkl
8525,bkm
8526,bkn
8527,bko
8528,bkp
8529,bkq
8530,bkr
8531,bks
8532,bkt
8533,bku
8534,bkv
8535,bkw
8536,bkx
8537,bky
8538,bkz
8539,bla
8540,blb
8541,blc
8542,bld
8543,ble
8544,blf
8545,blg
8546,blh
8547,bli
8548,blj
8549,blk
8550,bll
8551,blm
8552,bln
8553,blo
8554,blp
8555,blq
8556,blr
8557,bls
8558,blt
8559,blu
8560,blv
8561,blw
8562,blx
8563,bly
8564,blz
8565,bma
8566,bmb
8567,bmc
8568,bmd
8569,bme
8570,bmf
8571,bmg
8572,bmh
8573,bmi
8574,bmj
8575,bmk
8576,bml
8577,bmm
8578,bmn
8579,bmo
8580,bmp
8581,bmq
8582,bmr
8583,bms
8584,bmt
8585,bmu
8586,bmv
8587,bmw
8588,bmx
8589,bmy
8590,bmz
8591,bna
8592,bnb
8593,bnc
8594,bnd
8595,bne
8596,bnf
8597,bng
8598,bnh
8599,bni
8600,bnj
8601,bnk
8602,bnl
8603,bnm
8604,bnn
8605,bno
8606,bnp
8607,bnq
8608,bnr
8609,bns
8610,bnt
8611,bnu
8612,bnv
8613,bnw
8614,bnx
8615,bny
8616,bnz
8617,boa
8618,bob
8619,boc
8620,bod
8621,boe
8622,bof
8623,bog
8624,boh
8625,boi
8626,boj
8627,bok
8628,bol
8629,bom
8630,bon
8631,boo
8632,bop
8633,boq
8634,bor
8635,bos
8636,bot
8637,bou
8638,bov
8639,bow
8640,box
8641,boy
8642,boz
8643,bpa
8644,bpb
8645,bpc
8646,bpd
8647,bpe
8648,bpf
8649,bpg
8650,bph
8651,bpi
8652,bpj
8653,bpk
8654,bpl
8655,bpm
8656,bpn
8657,bpo
8658,bpp
8659,bpq
8660,bpr
8661,bps
8662,bpt
8663,bpu
8664,bpv
8665,bpw
8666,bpx
8667,bpy
8668,bpz
8669,bqa
8670,bqb
8671,bqc
8672,bqd
8673,bqe
8674,bqf
8675,bqg
8676,bqh
8677,bqi
8678,bqj
8679,bqk
8680,bql
8681,bqm
8682,bqn
8683,bqo
8684,bqp
8685,bqq
8686,bqr
8687,bqs
8688,bqt
8689,bqu
8690,bqv
8691,bqw
8692,bqx
8693,bqy
8694,bqz
8695,bra
8696,brb
8697,brc
8698,brd
8699,bre
8700,brf
8701,brg
8702,brh
8703,bri
8704,brj
8705,brk
8706,brl
8707,brm
8708,brn
8709,bro
8710,brp
8711,brq
8712,brr
8713,brs
8714,brt
8715,bru
8716,brv
8717,brw
8718,brx
8719,bry
8720,brz
8721,bsa
8722,bsb
8723,bsc
8724,bsd
8725,bse
8726,bsf
8727,bsg
8728,bsh
8729,bsi
8730,bsj
8731,bsk
8732,bsl
8733,bsm
8734,bsn
8735,bso
8736,bsp
8737,bsq
8738,bsr
8739,bss
8740,bst
8741,bsu
8742,bsv
8743,bsw
8744,bsx
8745,bsy
8746,bsz
8747,bta
8748,btb
8749,btc
8750,btd
8751,bte
8752,btf
8753,btg
8754,bth
8755,bti
8756,btj
8757,btk
8758,btl
8759,btm
8760,btn
8761,bto
8762,btp
8763,btq
8764,btr
8765,bts
8766,btt
8767,btu
8768,btv
8769,btw
8770,btx
8771,bty
8772,btz
8773,bua
8774,bub
8775,buc
8776,bud
8777,bue
8778,buf
8779,bug
8780,buh
8781,bui
8782,buj
8783,buk
8784,bul
8785,bum
8786,bun
8787,buo
8788,bup
8789,buq
8790,bur
8791,bus
8792,but
8793,buu
8794,buv
8795,buw
8796,bux
8797,buy
8798,buz
8799,bva
8800,bvb
8801,bvc
8802,bvd
8803,bve
8804,bvf
8805,bvg
8806,bvh
8807,bvi
8808,bvj
8809,bvk
8810,bvl
8811,bvm
8812,bvn
8813,bvo
8814,bvp
8815,bvq
8816,bvr
8817,bvs
8818,bvt
8819,bvu
8820,bvv
8821,bvw
8822,bvx
8823,bvy
8824,bvz
8825,bwa
8826,bwb
8827,bwc
8828,bwd
8829,bwe
8830,bwf
8831,bwg
8832,bwh
8833,bwi
8834,bwj
8835,bwk
8836,bwl
8837,bwm
8838,bwn
8839,bwo
8840,bwp
8841,bwq
8842,bwr
8843,bws
8844,bwt
8845,bwu
8846,bwv
8847,bww
8848,bwx
8849,bwy
8850,bwz
8851,bxa
8852,bxb
8853,bxc
8854,bxd
8855,bxe
8856,bxf
8857,bxg
8858,bxh
8859,bxi
8860,bxj
8861,bxk
8862,bxl
8863,bxm
8864,bxn
8865,bxo
8866,bxp
8867,bxq
8868,bxr
8869,bxs
8870,bxt
8871,bxu
8872,bxv
8873,bxw
8874,bxx
8875,bxy
8876,bxz
8877,bya
8878,byb
8879,byc
8880,byd
8881,bye
8882,byf
8883,byg
8884,byh
8885,byi
8886,byj
8887,byk
8888,byl
8889,bym
8890,byn
8891,byo
8892,byp
8893,byq
8894,byr
8895,bys
8896,byt
8897,byu
8898,byv
8899,byw
8900,byx
8901,byy
8902,byz
8903,bza
8904,bzb
8905,bzc
8906,bzd
8907,bze
8908,bzf
8909,bzg
8910,bzh
8911,bzi
8912,bzj
8913,bzk
8914,bzl
8915,bzm
8916,bzn
8917,bzo
8918,bzp
8919,bzq
8920,bzr
8921,bzs
8922,bzt
8923,bzu
8924,bzv
8925,bzw
8926,bzx
8927,bzy
8928,bzz
8929,caa
8930,cab
8931,cac
8932,cad
8933,cae
8934,caf
8935,cag
8936,cah
8937,cai
8938,caj
8939,cak
8940,cal
8941,cam
8942,can
8943,cao
8944,cap
8945,caq
8946,car
8947,cas
8948,cat
8949,cau
8950,cav
8951,caw
8952,cax
8953,cay
8954,caz
8955,cba
8956,cbb
8957,cbc
8958,cbd
8959,cbe
8960,cbf
8961,cbg
8962,cbh
8963,cbi
8964,cbj
8965,cbk
8966,cbl
8967,cbm
8968,cbn
8969,cbo
8970,cbp
8971,cbq
8972,cbr
8973,cbs
8974,cbt
8975,cbu
8976,cbv
8977,cbw
8978,cbx
8979,cby
8980,cbz
8981,cca
8982,ccb
8983,ccc
8984,ccd
8985,cce
8986,ccf
8987,ccg
8988,cch
8989,cci
8990,ccj
8991,cck
8992,ccl
8993,ccm
8994,ccn
8995,cco
8996,ccp
8997,ccq
8998,ccr
8999,ccs
9000,cct
9001,ccu
9002,ccv
9003,ccw
9004,ccx
9005,ccy
9006,ccz
9007,cda
9008,cdb
9009,cdc
9010,cdd
9011,cde
9012,cdf
9013,cdg
9014,cdh
9015,cdi
9016,cdj
9017,cdk
9018,cdl
9019,cdm
9020,cdn
9021,cdo
9022,cdp
9023,cdq
9024,cdr
9025,cds
9026,cdt
9027,cdu
9028,cdv
9029,cdw
9030,cdx
9031,cdy
9032,cdz
9033,cea
9034,ceb
9035,cec
9036,ced
9037,cee
9038,cef
9039,ceg
9040,ceh
9041,cei
9042,cej
9043,cek
9044,cel
9045,cem
9046,cen
9047,ceo
9048,cep
9049,ceq
9050,cer
9051,ces
9052,cet
9053,ceu
9054,cev
9055,cew
9056,cex
9057,cey
9058,cez
9059,cfa
9060,cfb
9061,cfc
9062,cfd
9063,cfe
9064,cff
9065,cfg
9066,cfh
9067,cfi
9068,cfj
9069,cfk
9070,cfl
9071,cfm
9072,cfn
9073,cfo
9074,cfp
9075,cfq
9076,cfr
9077,cfs
9078,cft
9079,cfu
9080,cfv
9081,cfw
9082,cfx
9083,cfy
9084,cfz
9085,cga
9086,cgb
9087,cgc
9088,cgd
9089,cge
9090,cgf
9091,cgg
9092,cgh
9093,cgi
9094,cgj
9095,cgk
9096,cgl
9097,cgm
9098,cgn
9099,cgo
9100,cgp
9101,cgq
9102,cgr
9103,cgs
9104,cgt
9105,cgu
9106,cgv
9107,cgw
9108,cgx
9109,cgy
9110,cgz
9111,cha
9112,chb
9113,chc
9114,chd
9115,che
9116,chf
9117,chg
9118,chh
9119,chi
9120,chj
9121,chk
9122,chl
9123,chm
9124,chn
9125,cho
9126,chp
9127,chq
9128,chr
9129,chs
9130,cht
9131,chu
9132,chv
9133,chw
9134,chx
9135,chy
9136,chz
9137,cia
9138,cib
9139,cic
9140,cid
9141,cie
9142,cif
9143,cig
9144,cih
9145,cii
9146,cij
9147,cik
9148,cil
9149,cim
9150,cin
9151,cio
9152,cip
9153,ciq
9154,cir
9155,cis
9156,cit
9157,ciu
9158,civ
9159,ciw
9160,cix
9161,ciy
9162,ciz
9163,cja
9164,cjb
9165,cjc
9166,cjd
9167,cje
9168,cjf
9169,cjg
9170,cjh
9171,cji
9172,cjj
9173,cjk
9174,cjl
9175,cjm
9176,cjn
9177,cjo
9178,cjp
9179,cjq
9180,cjr
9181,cjs
9182,cjt
9183,cju
9184,cjv
9185,cjw
9186,cjx
9187,cjy
9188,cjz
9189,cka
9190,ckb
9191,ckc
9192,ckd
9193,cke
9194,ckf
9195,ckg
9196,ckh
9197,cki
9198,ckj
9199,ckk
9200,ckl
9201,ckm
9202,ckn
9203,cko
9204,ckp
9205,ckq
9206,ckr
9207,cks
9208,ckt
9209,cku
9210,ckv
9211,ckw
9212,ckx
9213,cky
9214,ckz
9215,cla
9216,clb
9217,clc
9218,cld
9219,cle
9220,clf
9221,clg
9222,clh
9223,cli
9224,clj
9225,clk
9226,cll
9227,clm
9228,cln
9229,clo
9230,clp
9231,clq
9232,clr
9233,cls
9234,clt
9235,clu
9236,clv
9237,clw
9238,clx
9239,cly
9240,clz
9241,cma
9242,cmb
9243,cmc
9244,cmd
9245,cme
9246,cmf
9247,cmg
9248,cmh
9249,cmi
9250,cmj
9251,cmk
9252,cml
9253,cmm
9254,cmn
9255,cmo
9256,cmp
9257,cmq
9258,cmr
9259,cms
9260,cmt
9261,cmu
9262,cmv
9263,cmw
9264,cmx
9265,cmy
9266,cmz
9267,cna
9268,cnb
9269,cnc
9270,cnd
9271,cne
9272,cnf
9273,cng
9274,cnh
9275,cni
9276,cnj
9277,cnk
9278,cnl
9279,cnm
9280,cnn
9281,cno
9282,cnp
9283,cnq
9284,cnr
9285,cns
9286,cnt
9287,cnu
9288,cnv
9289,cnw
9290,cnx
9291,cny
9292,cnz
9293,coa
9294,cob
9295,coc
9296,cod
9297,coe
9298,cof
9299,cog
9300,coh
9301,coi
9302,coj
9303,cok
9304,col
9305,com
9306,con
9307,coo
9308,cop
9309,coq
9310,cor
9311,cos
9312,cot
9313,cou
9314,cov
9315,cow
9316,cox
9317,coy
9318,coz
9319,cpa
9320,cpb
9321,cpc
9322,cpd
9323,cpe
9324,cpf
9325,cpg
9326,cph
9327,cpi
9328,cpj
9329,cpk
9330,cpl
9331,cpm
9332,cpn
9333,cpo
9334,cpp
9335,cpq
9336,cpr
9337,cps
9338,cpt
9339,cpu
9340,cpv
9341,cpw
9342,cpx
9343,cpy
9344,cpz
9345,cqa
9346,cqb
9347,cqc
9348,cqd
9349,cqe
9350,cqf
9351,cqg
9352,cqh
9353,cqi
9354,cqj
9355,cqk
9356,cql
9357,cqm
9358,cqn
9359,cqo
9360,cqp
9361,cqq
9362,cqr
9363,cqs
9364,cqt
9365,cqu
9366,cqv
9367,cqw
9368,cqx
9369,cqy
9370,cqz
9371,cra
9372,crb
9373,crc
9374,crd
9375,cre
9376,crf
9377,crg
9378,crh
9379,cri
9380,crj
9381,crk
9382,crl
9383,crm
9384,crn
9385,cro
9386,crp
9387,crq
9388,crr
9389,crs
9390,crt
9391,cru
9392,crv
9393,crw
9394,crx
9395,cry
9396,crz
9397,csa
9398,csb
9399,csc
9400,csd
9401,cse
9402,csf
9403,csg
9404,csh
9405,csi
9406,csj
9407,csk
9408,csl
9409,csm
9410,csn
9411,cso
9412,csp
9413,csq
9414,csr
9415,css
9416,cst
9417,csu
9418,csv
9419,csw
9420,csx
9421,csy
9422,csz
9423,cta
9424,ctb
9425,ctc
9426,ctd
9427,cte
9428,ctf
9429,ctg
9430,cth
9431,cti
9432,ctj
9433,ctk
9434,ctl
9435,ctm
9436,ctn
9437,cto
9438,ctp
9439,ctq
9440,ctr
9441,cts
9442,ctt
9443,ctu
9444,ctv
9445,ctw
9446,ctx
9447,cty
9448,ctz
9449,cua
9450,cub
9451,cuc
9452,cud
9453,cue
9454,cuf
9455,cug
9456,cuh
9457,cui
9458,cuj
9459,cuk
9460,cul
9461,cum
9462,cun
9463,cuo
9464,cup
9465,cuq
9466,cur
9467,cus
9468,cut
9469,cuu
9470,cuv
9471,cuw
9472,cux
9473,cuy
9474,cuz
9475,cva
9476,cvb
9477,cvc
9478,cvd
9479,cve
9480,cvf
9481,cvg
9482,cvh
9483,cvi
9484,cvj
9485,cvk
9486,cvl
9487,cvm
9488,cvn
9489,cvo
9490,cvp
9491,cvq
9492,cvr
9493,cvs
9494,cvt
9495,cvu
9496,cvv
9497,cvw
9498,cvx
9499,cvy
9500,cvz
9501,cwa
9502,cwb
9503,cwc
9504,cwd
9505,cwe
9506,cwf
9507,cwg
9508,cwh
9509,cwi
9510,cwj
9511,cwk
9512,cwl
9513,cwm
9514,cwn
9515,cwo
9516,cwp
9517,cwq
9518,cwr
9519,cws
9520,cwt
9521,cwu
9522,cwv
9523,cww
9524,cwx
9525,cwy
9526,cwz
9527,cxa
9528,cxb
9529,cxc
9530,cxd
9531,cxe
9532,cxf
9533,cxg
9534,cxh
9535,cxi
9536,cxj
9537,cxk
9538,cxl
9539,cxm
9540,cxn
9541,cxo
9542,cxp
9543,cxq
9544,cxr
9545,cxs
9546,cxt
9547,cxu
9548,cxv
9549,cxw
9550,cxx
9551,cxy
9552,cxz
9553,cya
9554,cyb
9555,cyc
9556,cyd
9557,cye
9558,cyf
9559,cyg
9560,cyh
9561,cyi
9562,cyj
9563,cyk
9564,cyl
9565,cym
9566,cyn
9567,cyo
9568,cyp
9569,cyq
9570,cyr
9571,cys
9572,cyt
9573,cyu
9574,cyv
9575,cyw
9576,cyx
9577,cyy
9578,cyz
9579,cza
9580,czb
9581,czc
9582,czd
9583,cze
9584,czf
9585,czg
9586,czh
9587,czi
9588,czj
9589,czk
9590,czl
9591,czm
9592,czn
9593,czo
9594,czp
9595,czq
9596,czr
9597,czs
9598,czt
9599,czu
9600,czv
9601,czw
9602,czx
9603,czy
9604,czz
9605,daa
9606,dab
9607,dac
9608,dad
9609,dae
9610,daf
9611,dag
9612,dah
9613,dai
9614,daj
9615,dak
9616,dal
9617,dam
9618,dan
9619,dao
9620,dap
9621,daq
9622,dar
9623,das
9624,dat
9625,dau
9626,dav
9627,daw
9628,dax
9629,day
9630,daz
9631,dba
9632,dbb
9633,dbc
9634,dbd
9635,dbe
9636,dbf
9637,dbg
9638,dbh
9639,dbi
9640,dbj
9641,dbk
9642,dbl
9643,dbm
9644,dbn
9645,dbo
9646,dbp
9647,dbq
9648,dbr
9649,dbs
9650,dbt
9651,dbu
9652,dbv
9653,dbw
9654,dbx
9655,dby
9656,dbz
9657,dca
9658,dcb
9659,dcc
9660,dcd
9661,dce
9662,dcf
9663,dcg
9664,dch
9665,dci
9666,dcj
9667,dck
9668,dcl
9669,dcm
9670,dcn
9671,dco
9672,dcp
9673,dcq
9674,dcr
9675,dcs
9676,dct
9677,dcu
9678,dcv
9679,dcw
9680,dcx
9681,dcy
9682,dcz
9683,dda
9684,ddb
9685,ddc
9686,ddd
9687,dde
9688,ddf
9689,ddg
9690,ddh
9691,ddi
9692,ddj
9693,ddk
9694,ddl
9695,ddm
9696,ddn
9697,ddo
9698,ddp
9699,ddq
9700,ddr
9701,dds
9702,ddt
9703,ddu
9704,ddv
9705,ddw
9706,ddx
9707,ddy
9708,ddz
9709,dea
9710,deb
9711,dec
9712,ded
9713,dee
9714,def
9715,deg
9716,deh
9717,dei
9718,dej
9719,dek
9720,del
9721,dem
9722,den
9723,deo
9724,dep
9725,deq
9726,der
9727,des
9728,det
9729,deu
9730,dev
9731,dew
9732,dex
9733,dey
9734,dez
9735,dfa
9736,dfb
9737,dfc
9738,dfd
9739,dfe
9740,dff
9741,dfg
9742,dfh
9743,dfi
9744,dfj
9745,dfk
9746,dfl
9747,dfm
9748,dfn
9749,dfo
9750,dfp
9751,dfq
9752,dfr
9753,dfs
9754,dft
9755,dfu
9756,dfv
9757,dfw
9758,dfx
9759,dfy
9760,dfz
9761,dga
9762,dgb
9763,dgc
9764,dgd
9765,dge
9766,dgf
9767,dgg
9768,dgh
9769,dgi
9770,dgj
9771,dgk
9772,dgl
9773,dgm
9774,dgn
9775,dgo
9776,dgp
9777,dgq
9778,dgr
9779,dgs
9780,dgt
9781,dgu
9782,dgv
9783,dgw
9784,dgx
9785,dgy
9786,dgz
9787,dha
9788,dhb
9789,dhc
9790,dhd
9791,dhe
9792,dhf
9793,dhg
9794,dhh
9795,dhi
9796,dhj
9797,dhk
9798,dhl
9799,dhm
9800,dhn
9801,dho
9802,dhp
9803,dhq
9804,dhr
9805,dhs
9806,dht
9807,dhu
9808,dhv
9809,dhw
9810,dhx
9811,dhy
9812,dhz
9813,dia
9814,dib
9815,dic
9816,did
9817,die
9818,dif
9819,dig
9820,dih
9821,dii
9822,dij
9823,dik
9824,dil
9825,dim
9826,din
9827,dio
9828,dip
9829,diq
9830,dir
9831,dis
9832,dit
9833,diu
9834,div
9835,diw
9836,dix
9837,diy
9838,diz
9839,dja
9840,djb
9841,djc
9842,djd
9843,dje
9844,djf
9845,djg
9846,djh
9847,dji
9848,djj
9849,djk
9850,djl
9851,djm
9852,djn
9853,djo
9854,djp
9855,djq
9856,djr
9857,djs
9858,djt
9859,dju
9860,djv
9861,djw
9862,djx
9863,djy
9864,djz
9865,dka
9866,dkb
9867,dkc
9868,dkd
9869,dke
9870,dkf
9871,dkg
9872,dkh
9873,dki
9874,dkj
9875,dkk
9876,dkl
9877,dkm
9878,dkn
9879,dko
9880,dkp
9881,dkq
9882,dkr
9883,dks
9884,dkt
9885,dku
9886,dkv
9887,dkw
9888,dkx
9889,dky
9890,dkz
9891,dla
9892,dlb
9893,dlc
9894,dld
9895,dle
9896,dlf
9897,dlg
9898,dlh
9899,dli
9900,dlj
9901,dlk
9902,dll
9903,dlm
9904,dln
9905,dlo
9906,dlp
9907,dlq
9908,dlr
9909,dls
9910,dlt
9911,dlu
9912,dlv
9913,dlw
9914,dlx
9915,dly
9916,dlz
9917,dma
9918,dmb
9919,dmc
9920,dmd
9921,dme
9922,dmf
9923,dmg
9924,dmh
9925,dmi
9926,dmj
9927,dmk
9928,dml
9929,dmm
9930,dmn
9931,dmo
9932,dmp
9933,dmq
9934,dmr
9935,dms
9936,dmt
9937,dmu
9938,dmv
9939,dmw
9940,dmx
9941,dmy
9942,dmz
9943,dna
9944,dnb
9945,dnc
9946,dnd
9947,dne
9948,dnf
9949,dng
9950,dnh
9951,dni
9952,dnj
9953,dnk
9954,dnl
9955,dnm
9956,dnn
9957,dno
9958,dnp
9959,dnq
9960,dnr
9961,dns
9962,dnt
9963,dnu
9964,dnv
9965,dnw
9966,dnx
9967,dny
9968,dnz
9969,doa
9970,dob
9971,doc
9972,dod
9973,doe
9974,dof
9975,dog
9976,doh
9977,doi
9978,doj
9979,dok
9980,dol
9981,dom
9982,don
9983,doo
9984,dop
9985,doq
9986,dor
9987,dos
9988,dot
9989,dou
9990,dov
9991,dow
9992,dox
9993,doy
9994,doz
9995,dpa
9996,dpb
9997,dpc
9998,dpd
9999,dpe
10000,dpf
